0,12
1,10
2,11
3,8
4,9
5,15
6,17
7,15
8,13
9,15
10,15
11,15
12,16
13,15
14,14
15,5
16,17
17,17
18,17
19,17
20,16
21,14
22,5,17,1650
23,2
24,3
25,1
26,1
27,1
28,2
32,19
33,2
34,15
35,17
36,20
38,1718
40,6,1651,1704
42,2,21
44,2,22
46,0,23
47,24
48,25
49,2
50,15
51,17
52,24
53,26
55,7
56,27
57,28
58,2
59,15
60,17
61,27
62,29
64,2
65,30
66,31
67,2
68,15
69,17
70,30
71,32
73,2
74,33
75,34
76,2
77,15
78,17
79,33
80,35
82,1
83,36
84,37
85,2
86,15
87,17
88,36
89,38
91,1
92,39
93,40
94,2
95,15
96,17
97,39
98,41
100,3
101,42
102,43
103,2
104,15
105,17
106,42
107,44
109,3
110,45
111,46
112,2
113,15
114,17
115,45
116,47
118,3
119,48
120,49
121,2
122,15
123,17
124,48
125,50
127,3
128,51
129,52
130,2
131,15
132,17
133,51
134,53
135,54
136,55
137,2
138,15
139,17
140,54
141,56
142,57
143,58
144,2
145,15
146,17
147,57
148,59,1802
150,3
151,60
152,61
153,2
154,15
155,17
156,60
157,62
158,63
159,64
160,2
161,15
162,17
163,63
164,65
165,66
166,67
167,2
168,15
169,17
170,66
171,68
172,69
173,70
174,2
175,15
176,17
177,69
178,71
179,72
180,73
181,2
182,15
183,17
184,72
185,74
186,75
187,76
188,2
189,15
190,17
191,75
192,77
193,78
194,79
195,2
196,15
197,17
198,78
199,80
201,81,82
202,17
204,83,84
205,17
209,86
210,2
211,15
212,17
213,87
215,88
216,17
220,90
221,2
222,15
223,17
224,91
226,92
227,17
231,94
232,2
233,15
234,17
235,95
237,96
238,2
239,13
241,3
245,98
246,2
247,15
248,17
249,99
251,100
252,17
256,102
257,2
258,15
259,17
260,103
261,104
263,104
267,106
268,2
269,15
270,17
271,107
272,108
274,108
278,110
279,2
280,15
281,17
282,111
283,112
285,112
289,114
290,2
291,15
292,17
293,115
294,116
296,116
300,118
301,2
302,15
303,17
304,119
305,120
307,120
311,122
312,2
313,15
314,17
315,123
317,1
321,125
322,2
323,15
324,17
325,126
327,1
331,128
332,2
333,15
334,17
335,129
337,1
341,131
342,2
343,15
344,17
345,132
347,133
348,2
349,13
351,3
360,135
361,2
362,15
363,17
364,136
366,3
371,138
372,2
373,15
374,17
375,139
377,3
382,141
383,2
384,15
385,17
386,142
387,143
396,145
397,2
398,15
399,17
400,146
402,1
407,148
408,2
409,15
410,17
411,149
413,1
418,151
419,2
420,15
421,17
422,152
424,1
436,154
437,2
438,15
439,17
440,155
442,3
447,157
448,2
449,15
450,17
451,158
453,7
458,160
459,2
460,15
461,17
462,161
464,7
469,163
470,2
471,15
472,17
473,164
475,165
476,17
480,167
481,2
482,15
483,17
484,168
486,1
495,170
496,2
497,15
498,17
499,171
501,3
506,173
507,2
508,15
509,17
510,174
512,3
517,176
518,2
519,15
520,17
521,177
523,178
524,2
525,13
534,180
535,2
536,15
537,17
538,181
540,3
545,183
546,2
547,15
548,17
549,184
551,7
556,186
557,2
558,15
559,17
560,187
562,2
567,189
568,2
569,15
570,17
571,190
572,191
574,191
579,193
580,2
581,15
582,17
583,194
585,7
590,196
591,2
592,15
593,17
594,197
596,198
597,2
598,13
607,200
608,2
609,15
610,17
611,201
613,202
614,2
615,13
624,204
625,2
626,15
627,17
628,205
630,206
631,2
632,13
641,208
642,2
643,15
644,17
645,209
647,2
652,211
653,2
654,15
655,17
656,212
658,2
663,214
664,2
665,15
666,17
667,215
669,2
674,217
675,2
676,15
677,17
678,218
680,1
685,220
686,2
687,15
688,17
689,221
691,1
696,223
697,2
698,15
699,17
700,224
705,226
706,2
707,15
708,17
709,227
711,228
712,2
713,13
715,7
720,230
721,2
722,15
723,17
724,231
726,232
727,2
728,13
737,234
738,2
739,15
740,17
741,235
743,7
748,237
749,2
750,15
751,17
752,238
754,7
758,240
759,2
760,15
761,17
762,241
764,3
773,243
774,2
775,15
776,17
777,244
779,244
784,246
785,2
786,15
787,17
788,247
790,247
795,249
796,2
797,15
798,17
799,250
801,3
806,252
807,2
808,15
809,17
810,253
812,3
817,255
818,2
819,15
820,17
821,256
823,2
828,258
829,2
830,15
831,17
832,259
834,2
839,261
840,2
841,15
842,17
843,262
845,2
850,264
851,2
852,15
853,17
854,265
856,7
861,267
862,2
863,15
864,17
865,268
867,3
872,270
873,2
874,15
875,17
876,271
878,2
883,273
884,2
885,15
886,17
887,274
889,3
894,276
895,2
896,15
897,17
898,277
900,278
901,2
902,13
904,3
909,280
910,2
911,15
912,17
913,281
915,3
920,283
921,2
922,15
923,17
924,284
926,3
931,286
932,2
933,15
934,17
935,287
937,3
942,289
943,2
944,15
945,17
946,290
948,3
953,292
954,2
955,15
956,17
957,293
959,3
964,295
965,2
966,15
967,17
968,296
970,3
979,298
980,2
981,15
982,17
983,299
985,3
990,301
991,2
992,15
993,17
994,302
996,1
1020,304
1021,2
1022,15
1023,17
1024,305
1026,3
1031,307
1032,2
1033,15
1034,17
1035,308
1037,3
1042,310
1043,2
1044,15
1045,17
1046,311
1048,2
1053,313
1054,2
1055,15
1056,17
1057,314
1059,2
1064,316
1065,2
1066,15
1067,17
1068,317
1070,2
1075,319
1076,2
1077,15
1078,17
1079,320
1081,2
1109,322
1110,2
1111,15
1112,17
1113,323
1115,2
1119,325
1120,2
1121,15
1122,17
1123,326
1125,2
1129,328
1130,2
1131,15
1132,17
1133,329
1135,2
1139,331
1140,2
1141,15
1142,17
1143,332
1145,2
1149,334
1150,2
1151,15
1152,17
1153,335
1155,2
1159,337
1160,2
1161,15
1162,17
1163,338
1165,2
1169,340
1170,2
1171,15
1172,17
1173,341
1175,2
1179,343
1180,2
1181,15
1182,17
1183,344
1185,2
1189,346
1190,2
1191,15
1192,17
1193,347
1195,2
1199,349
1200,2
1201,15
1202,17
1203,350
1205,2
1209,352
1210,2
1211,15
1212,17
1213,353
1215,2
1219,355
1220,2
1221,15
1222,17
1223,356
1225,2
1229,358
1230,2
1231,15
1232,17
1233,359
1235,2
1239,361
1240,2
1241,15
1242,17
1243,362
1245,2
1249,364
1250,2
1251,15
1252,17
1253,365
1255,2
1259,367
1260,2
1261,15
1262,17
1263,368
1265,2
1269,370
1270,2
1271,15
1272,17
1273,371
1275,2
1279,373
1280,2
1281,15
1282,17
1283,374
1285,2
1289,376
1290,2
1291,15
1292,17
1293,377
1295,2
1299,379
1300,2
1301,15
1302,17
1303,380
1305,2
1309,382
1310,2
1311,15
1312,17
1313,383
1315,2
1324,385
1325,2
1326,15
1327,17
1328,386
1330,3
1335,388
1336,2
1337,15
1338,17
1339,389
1341,3
1346,391
1347,2
1348,15
1349,17
1350,392
1352,3
1357,394
1358,2
1359,15
1360,17
1361,395
1363,3
1368,397
1369,2
1370,15
1371,17
1372,398
1374,3
1379,400
1380,2
1381,15
1382,17
1383,401
1385,3
1390,403
1391,2
1392,15
1393,17
1394,404
1396,2
1401,406
1402,2
1403,15
1404,17
1405,407
1407,2
1412,409
1413,2
1414,15
1415,17
1416,410
1418,2
1423,412
1424,2
1425,15
1426,17
1427,413
1429,2
1434,415
1435,2
1436,15
1437,17
1438,416
1440,2
1445,418
1446,2
1447,15
1448,17
1449,419
1451,2
1456,421
1457,2
1458,15
1459,17
1460,422
1462,2
1467,424
1468,2
1469,15
1470,17
1471,425
1473,2
1478,427
1479,2
1480,15
1481,17
1482,428
1484,2
1489,430
1490,2
1491,15
1492,17
1493,431
1495,2
1500,433
1501,2
1502,15
1503,17
1504,434
1506,2
1511,436
1512,2
1513,15
1514,17
1515,437
1517,2
1522,439
1523,2
1524,15
1525,17
1526,440
1528,2
1533,442
1534,2
1535,15
1536,17
1537,443
1539,2
1544,445
1545,2
1546,15
1547,17
1548,446
1550,2
1555,448
1556,2
1557,15
1558,17
1559,449
1561,2
1566,451
1567,2
1568,15
1569,17
1570,452
1572,2
1577,454
1578,2
1579,15
1580,17
1581,455
1583,2
1588,457
1589,2
1590,15
1591,17
1592,458
1594,2
1599,460
1600,2
1601,15
1602,17
1603,461
1605,2
1610,463
1611,2
1612,15
1613,17
1614,464
1616,2
1621,466
1622,2
1623,15
1624,17
1625,467
1627,2
1632,469
1633,2
1634,15
1635,17
1636,470
1638,2
1643,472
1644,2
1645,15
1646,17
1647,473
1649,2
1654,475
1655,2
1656,15
1657,17
1658,476
1660,2
1665,478
1666,2
1667,15
1668,17
1669,479
1671,2
1676,481
1677,2
1678,15
1679,17
1680,482
1682,2
1687,484
1688,2
1689,15
1690,17
1691,485
1693,2
1698,487
1699,2
1700,15
1701,17
1702,488
1704,2
1709,490
1710,2
1711,15
1712,17
1713,491
1715,2
1720,493
1721,2
1722,15
1723,17
1724,494
1726,2
1731,496
1732,2
1733,15
1734,17
1735,497
1737,2
1742,499
1743,2
1744,15
1745,17
1746,500
1748,2
1753,502
1754,2
1755,15
1756,17
1757,503
1759,2
1764,505
1765,2
1766,15
1767,17
1768,506
1770,3
1775,508
1776,2
1777,15
1778,17
1779,509
1781,3
1786,511
1787,2
1788,15
1789,17
1790,512
1792,3
1801,514
1802,2
1803,15
1804,17
1805,515
1807,5,516
1810,2
1811,13
1813,3
1818,518
1819,2
1820,15
1821,17
1822,519
1824,1
1829,521
1830,2
1831,15
1832,17
1833,522
1835,3
1852,524
1853,2
1854,15
1855,17
1856,525
1858,3
1862,527
1863,2
1864,15
1865,17
1866,528
1868,529
1869,17
1873,531
1874,2
1875,15
1876,17
1877,532
1879,3
1881,533
1883,534
1884,2
1885,15
1886,17
1887,535,1801
1893,769
1898,537
1899,2
1900,15
1901,17
1902,538
1904,0
1909,540
1910,2
1911,15
1912,17
1913,541
1915,0
1920,543
1921,2
1922,15
1923,17
1924,544
1926,0
1931,546
1932,2
1933,15
1934,17
1935,547
1937,0
1942,549
1943,2
1944,15
1945,17
1946,550
1948,0
1953,552
1954,2
1955,15
1956,17
1957,553
1959,0
1964,555
1965,2
1966,15
1967,17
1968,556
1970,0
1988,693
1990,699
2005,558
2006,2
2007,15
2008,17
2009,559
2011,1799
2017,561
2018,2
2019,15
2020,17
2021,562
2023,1799
2029,564
2030,2
2031,15
2032,17
2033,565
2035,1798
2057,567
2058,2
2059,15
2060,17
2061,568
2063,0
2068,570
2069,2
2070,15
2071,17
2072,571
2074,0
2079,573
2080,2
2081,15
2082,17
2083,574
2085,0
2090,576
2091,2
2092,15
2093,17
2094,577
2096,0
2101,579
2102,2
2103,15
2104,17
2105,580
2107,0
2112,582
2113,2
2114,15
2115,17
2116,583
2118,0
2123,585
2124,2
2125,15
2126,17
2127,586
2129,0
2134,588
2135,2
2136,15
2137,17
2138,589
2140,0
2145,591
2146,2
2147,15
2148,17
2149,592
2151,0
2156,594
2157,2
2158,15
2159,17
2160,595
2162,0
2167,597
2168,2
2169,15
2170,17
2171,598
2173,1
2178,600
2179,2
2180,15
2181,17
2182,601
2184,1
2189,603
2190,2
2191,15
2192,17
2193,604
2195,0
2200,606
2201,2
2202,15
2203,17
2204,607
2206,0
2211,609
2212,2
2213,15
2214,17
2215,610
2217,0
2222,612
2223,2
2224,15
2225,17
2226,613
2228,0
2233,615
2234,2
2235,15
2236,17
2237,616
2239,1
2244,618
2245,2
2246,15
2247,17
2248,619
2250,1
2255,621
2256,2
2257,15
2258,17
2259,622
2261,0
2266,624
2267,2
2268,15
2269,17
2270,625
2272,0
2277,627
2278,2
2279,15
2280,17
2281,628
2283,1797
2285,702
2290,630
2291,2
2292,15
2293,17
2294,631
2296,0
2301,633
2302,2
2303,15
2304,17
2305,634
2307,0
2312,636
2313,2
2314,15
2315,17
2316,637
2318,0
2323,639
2324,2
2325,15
2326,17
2327,640
2329,0
2334,642
2335,2
2336,15
2337,17
2338,643
2340,0
2345,645
2346,2
2347,15
2348,17
2349,646
2351,1796
2353,708
2358,648
2359,2
2360,15
2361,17
2362,649
2364,1796
2370,651
2371,2
2372,15
2373,17
2374,652
2376,1796
2382,654
2383,2
2384,15
2385,17
2386,655
2388,0
2393,657
2394,2
2395,15
2396,17
2397,658
2399,0
2420,660
2421,2
2422,15
2423,17
2424,661
2426,0
2431,663
2432,2
2433,15
2434,17
2435,664
2437,665
2438,2
2439,13
2441,2
2462,667
2463,2
2464,15
2465,17
2466,668
2468,0
2473,670
2474,2
2475,15
2476,17
2477,671
2479,0
2484,673
2485,2
2486,15
2487,17
2488,674
2490,0
2495,676
2496,2
2497,15
2498,17
2499,677
2501,0
2506,679
2507,2
2508,15
2509,17
2510,680
2512,0
2517,682
2518,2
2519,15
2520,17
2521,683
2523,0
2528,685
2529,2
2530,15
2531,17
2532,686
2534,0
2539,688
2540,2
2541,15
2542,17
2543,689
2545,0
2550,691
2551,2
2552,15
2553,17
2554,692
2556,0
2559,694
2560,2
2561,15
2562,17
2563,695,1799
2568,697
2569,2
2570,15
2571,17
2572,698
2574,0
2577,700
2578,2
2579,15
2580,17
2581,701,1798
2584,703
2585,2
2586,15
2587,17
2588,704,1797
2638,705
2640,706
2641,2
2642,15
2643,17
2644,707
2652,721
2804,937
2806,1150
2808,1165
2810,1168
2812,1171
2814,1174
2816,1177
2818,1180
2820,1183
2822,1186
2824,1189
2826,1192
2828,1195
2830,1198
2832,1201
2834,1204
2836,1207
2838,1210
2840,1213
2842,1216
2844,1219
2846,1222
2848,1225
2850,1228
2852,1231
2854,1234
2856,1237
2858,1240
2860,1243
2862,1246
2864,1249
2866,1258
2868,1261
2870,1276
2872,1279
2874,1282
2876,1285
2878,1288
2880,1291
2882,1294
2884,1324
2886,1327
2888,1330
2890,1339
2892,1354
2894,1357
2896,1369
2898,1378
2900,1381
2902,1384
2904,1405
2906,1414
2908,1435
2910,1438
2912,1441
2914,1444
2916,1459
2918,1468
2920,1477
2922,1480
2924,1486
2926,1489
2928,1492
2930,1495
2932,1498
2934,1526
2949,709
2950,2
2951,15
2952,17
2953,710,1796
2969,711
2971,712
2972,2
2973,15
2974,17
2975,713
2996,715
2997,2
2998,15
2999,17
3000,716
3002,0
3007,718
3008,2
3009,15
3010,17
3011,719
3013,720
3014,2
3015,13
3017,2
3036,722
3037,2
3038,15
3039,17
3040,723,1795
3045,725
3046,2
3047,15
3048,17
3049,726
3051,0
3056,728
3057,2
3058,15
3059,17
3060,729
3062,0
3067,731
3068,2
3069,15
3070,17
3071,732
3073,0
3078,734
3079,2
3080,15
3081,17
3082,735
3084,0
3089,737
3090,2
3091,15
3092,17
3093,738
3095,0
3100,740
3101,2
3102,15
3103,17
3104,741
3106,0
3111,743
3112,2
3113,15
3114,17
3115,744
3117,0
3122,746
3123,2
3124,15
3125,17
3126,747
3128,0
3133,749
3134,2
3135,15
3136,17
3137,750
3139,0
3144,752
3145,2
3146,15
3147,17
3148,753
3150,0
3155,755
3156,2
3157,15
3158,17
3159,756
3161,0
3166,758
3167,2
3168,15
3169,17
3170,759
3172,0
3177,761
3178,2
3179,15
3180,17
3181,762
3183,0
3188,764
3189,2
3190,15
3191,17
3192,765
3194,0
3199,767
3200,2
3201,15
3202,17
3203,768
3205,0
3208,770,1793
3209,2
3210,15
3211,17
3212,771,1800
3229,773
3230,2
3231,15
3232,17
3233,774
3235,1801
3238,775
3240,776
3241,2
3242,15
3243,17
3244,777,1728
3406,799
3408,817
3410,856
3412,859
3415,992
3417,995
3419,998
3421,1016
3423,1025
3489,1501
3743,779
3744,2
3745,15
3746,17
3747,780
3749,0
3754,782
3755,2
3756,15
3757,17
3758,783
3760,0
3773,785
3774,2
3775,15
3776,17
3777,786
3779,0
3796,788
3797,2
3798,15
3799,17
3800,789
3802,0
3804,790
3806,791
3807,2
3808,15
3809,17
3810,792,1717
3820,793
3822,794,1728
3823,2
3824,15
3825,17
3826,795,1716
3836,796
3838,797,1717
3839,2
3840,15
3841,17
3842,798
3853,800
3854,2
3855,15
3856,17
3857,801,1727
3862,803
3863,2
3864,15
3865,17
3866,804
3868,0
3873,806
3874,2
3875,15
3876,17
3877,807
3879,0
3884,809
3885,2
3886,15
3887,17
3888,810
3890,1
3895,812
3896,2
3897,15
3898,17
3899,813
3901,1
3906,815
3907,2
3908,15
3909,17
3910,816
3912,2
3915,818,1727
3916,2
3917,15
3918,17
3919,819,1726
4429,821
4430,2
4431,15
4432,17
4433,822
4435,1
4445,1028
4447,1080
4449,1102
5394,824
5395,2
5396,15
5397,17
5398,825
5400,2
5417,827
5418,2
5419,15
5420,17
5421,828
5423,1718,1719,1720,1721,1722,1723,1724,1725,1726,1729,1730,1731,1732,1733,1734,1735,1736,1737,1738,1739,1740,1741,1742,1743,1744,1745,1746,1747,1748,1749,1750,1751,1752,1753,1754,1755,1756,1757,1758,1759,1760,1761,1762,1763,1764,1765,1766,1767,1768,1769,1770,1771,1772,1773,1774,1775,1776,1777,1778,1779,1780,1781,1782,1783,1784,1785,1786,1787,1788,1789,1790,1791,1792,1793,1794
5651,830
5652,2
5653,15
5654,17
5655,831
5657,1718,1719,1720,1721,1722,1723,1724,1725,1726,1729,1730,1731,1732,1733,1734,1735,1736,1737,1738,1739,1740,1741,1742,1743,1744,1745,1746,1747,1748,1749,1750,1751,1752,1753,1754,1755,1756,1757,1758,1759,1760,1761,1762,1763,1764,1765,1766,1767,1768,1769,1770,1771,1772,1773,1774,1775,1776,1777,1778,1779,1780,1781,1782,1783,1784,1785,1786,1787,1788,1789,1790,1791,1792,1793,1794
5885,833
5886,2
5887,15
5888,17
5889,834
5891,1718,1719,1720,1721,1722,1723,1724,1725,1726,1729,1730,1731,1732,1733,1734,1735,1736,1737,1738,1739,1740,1741,1742,1743,1744,1745,1746,1747,1748,1749,1750,1751,1752,1753,1754,1755,1756,1757,1758,1759,1760,1761,1762,1763,1764,1765,1766,1767,1768,1769,1770,1771,1772,1773,1774,1775,1776,1777,1778,1779,1780,1781,1782,1783,1784,1785,1786,1787,1788,1789,1790,1791,1792,1793,1794
6119,836
6120,2
6121,15
6122,17
6123,837
6125,1718,1719,1720,1721,1722,1723,1724,1725,1726,1729,1730,1731,1732,1733,1734,1735,1736,1737,1738,1739,1740,1741,1742,1743,1744,1745,1746,1747,1748,1749,1750,1751,1752,1753,1754,1755,1756,1757,1758,1759,1760,1761,1762,1763,1764,1765,1766,1767,1768,1769,1770,1771,1772,1773,1774,1775,1776,1777,1778,1779,1780,1781,1782,1783,1784,1785,1786,1787,1788,1789,1790,1791,1792,1793,1794
6353,839
6354,2
6355,15
6356,17
6357,840
6359,1718,1719,1720,1721,1722,1723,1724,1725,1726,1729,1730,1731,1732,1733,1734,1735,1736,1737,1738,1739,1740,1741,1742,1743,1744,1745,1746,1747,1748,1749,1750,1751,1752,1753,1754,1755,1756,1757,1758,1759,1760,1761,1762,1763,1764,1765,1766,1767,1768,1769,1770,1771,1772,1773,1774,1775,1776,1777,1778,1779,1780,1781,1782,1783,1784,1785,1786,1787,1788,1789,1790,1791,1792,1793,1794
6587,842
6588,2
6589,15
6590,17
6591,843
6593,1
6598,845
6599,2
6600,15
6601,17
6602,846
6604,1
6609,848
6610,2
6611,15
6612,17
6613,849
6615,3
6620,851
6621,2
6622,15
6623,17
6624,852
6626,3
6631,854
6632,2
6633,15
6634,17
6635,855
6637,1
6640,857,1726
6641,2
6642,15
6643,17
6644,858,1725
6651,860,1726
6652,2
6653,15
6654,17
6655,861,1724
6664,863
6665,2
6666,15
6667,17
6668,864
6670,0
6675,866
6676,2
6677,15
6678,17
6679,867
6681,0
6687,916
6909,869
6910,2
6911,15
6912,17
6913,870
6915,1713,1714,1715
6927,872
6928,2
6929,15
6930,17
6931,873
6933,1713,1714,1715
6945,875
6946,2
6947,15
6948,17
6949,876
6951,1713,1714,1715
6963,878
6964,2
6965,15
6966,17
6967,879
6969,5,1729,1730,1731,1732,1733,1734,1735,1736,1737,1738,1739,1740,1741,1742,1743,1744,1745,1746,1747,1748,1749,1750,1751,1752,1753,1754,1755,1756,1757,1758,1759,1760,1761,1762,1763,1764,1765,1766,1767,1768,1769,1770,1771,1772,1773,1774,1775,1776,1777,1778,1779,1780,1781,1782,1783,1784,1785,1786,1787,1788,1789,1790,1791,1792,1793,1794
7172,881
7173,2
7174,15
7175,17
7176,882
7178,1729,1730,1731,1732,1733,1734,1735,1736,1737,1738,1739,1740,1741,1742,1743,1744,1745,1746,1747,1748,1749,1750,1751,1752,1753,1754,1755,1756,1757,1758,1759,1760,1761,1762,1763,1764,1765,1766,1767,1768,1769,1770,1771,1772,1773,1774,1775,1776,1777,1778,1779,1780,1781,1782,1783,1784,1785,1786,1787,1788,1789,1790,1791,1792,1793,1794
7379,884
7380,2
7381,15
7382,17
7383,885
7385,1729,1730,1731,1732,1733,1734,1735,1736,1737,1738,1739,1740,1741,1742,1743,1744,1745,1746,1747,1748,1749,1750,1751,1752,1753,1754,1755,1756,1757,1758,1759,1760,1761,1762,1763,1764,1765,1766,1767,1768,1769,1770,1771,1772,1773,1774,1775,1776,1777,1778,1779,1780,1781,1782,1783,1784,1785,1786,1787,1788,1789,1790,1791,1792,1793,1794
7586,887
7587,2
7588,15
7589,17
7590,888
7592,1725
7598,890
7599,2
7600,15
7601,17
7602,891
7604,1720
7610,893
7611,2
7612,15
7613,17
7614,894
7616,1719
7622,896
7623,2
7624,15
7625,17
7626,897
7628,1722
7634,899
7635,2
7636,15
7637,17
7638,900
7640,1718,1719,1720,1721,1722,1723,1724,1725,1726,1729,1730,1731,1732,1733,1734,1735,1736,1737,1738,1739,1740,1741,1742,1743,1744,1745,1746,1747,1748,1749,1750,1751,1752,1753,1754,1755,1756,1757,1758,1759,1760,1761,1762,1763,1764,1765,1766,1767,1768,1769,1770,1771,1772,1773,1774,1775,1776,1777,1778,1779,1780,1781,1782,1783,1784,1785,1786,1787,1788,1789,1790,1791,1792,1793,1794
7868,902
7869,2
7870,15
7871,17
7872,903
7874,1718,1719,1720,1721,1722,1723,1724,1725,1726,1729,1730,1731,1732,1733,1734,1735,1736,1737,1738,1739,1740,1741,1742,1743,1744,1745,1746,1747,1748,1749,1750,1751,1752,1753,1754,1755,1756,1757,1758,1759,1760,1761,1762,1763,1764,1765,1766,1767,1768,1769,1770,1771,1772,1773,1774,1775,1776,1777,1778,1779,1780,1781,1782,1783,1784,1785,1786,1787,1788,1789,1790,1791,1792,1793,1794
8102,905
8103,2
8104,15
8105,17
8106,906
8108,1710,1711,1716,1728
8118,1061
8120,1067
8128,1550
8381,1031
8383,1076
8385,1083
8387,1099
8462,908
8463,2
8464,15
8465,17
8466,909
8468,1713,1714,1715
8484,911
8485,2
8486,15
8487,17
8488,912
8490,0
8495,914
8496,2
8497,15
8498,17
8499,915
8501,0
8509,1649
8890,917
8891,2
8892,15
8893,17
8894,918,1712
8899,920
8900,2
8901,15
8902,17
8903,921
8905,1
8910,923
8911,2
8912,15
8913,17
8914,924
8916,1723
8922,926
8923,2
8924,15
8925,17
8926,927
8928,1718,1724
8937,929
8938,2
8939,15
8940,17
8941,930
8943,1718,1724
8952,932
8953,2
8954,15
8955,17
8956,933
8958,0
8963,935
8964,2
8965,15
8966,17
8967,936
8979,938,1726
8980,2
8981,15
8982,17
8983,939,1794
9012,2
9013,13
9015,1703
9017,989
9022,942
9023,2
9024,15
9025,17
9026,943
9028,3,5
9035,945
9036,2
9037,15
9038,17
9039,946
9041,3,5
9048,948
9049,2
9050,15
9051,17
9052,949
9054,0
9059,951
9060,2
9061,15
9062,17
9063,952
9065,0
9070,954
9071,2
9072,15
9073,17
9074,955
9076,0
9081,957
9082,2
9083,15
9084,17
9085,958
9087,0
9092,960
9093,2
9094,15
9095,17
9096,961
9098,1
9103,963
9104,2
9105,15
9106,17
9107,964
9109,1
9114,966
9115,2
9116,15
9117,17
9118,967
9120,1713,1714,1715
9132,969
9133,2
9134,15
9135,17
9136,970
9138,1713,1714,1715
9150,972
9151,2
9152,15
9153,17
9154,973
9156,1713,1714,1715
9994,975
9995,2
9996,15
9997,17
9998,976
10000,1702
10002,983
10007,978
10008,2
10009,15
10010,17
10011,979
10013,1701
10015,986
10020,981
10021,2
10022,15
10023,17
10024,982
10026,0
10061,984
10062,2
10063,15
10064,17
10065,985,1702
10078,987
10079,2
10080,15
10081,17
10082,988,1701
10109,990
10110,2
10111,15
10112,17
10113,991,1703
10140,993,1726
10141,2
10142,15
10143,17
10144,994,1723
10163,996,1726
10164,2
10165,15
10166,17
10167,997,1722
10182,999,1726
10183,2
10184,15
10185,17
10186,1000,1721
10203,1002
10204,2
10205,15
10206,17
10207,1003
10209,3
10214,1005
10215,2
10216,15
10217,17
10218,1006
10220,0
10225,1008
10226,2
10227,15
10228,17
10229,1009
10231,0
10236,1011
10237,2
10238,15
10239,17
10240,1012
10242,0
10247,1014
10248,2
10249,15
10250,17
10251,1015
10253,0
10256,1017,1721
10257,2
10258,15
10259,17
10260,1018,1720
10269,1020
10270,2
10271,15
10272,17
10273,1021
10275,1720
10285,1023
10286,2
10287,15
10288,17
10289,1024
10291,5,1720
10297,1026,1721
10298,2
10299,15
10300,17
10301,1027,1719
10308,1029
10309,2
10310,15
10311,17
10312,1030,1715
10549,1032
10550,2
10551,15
10552,17
10553,1033,1708
10965,1034
10967,1035
10968,2
10969,15
10970,17
10971,1036,1700
10987,1038
10988,2
10989,15
10990,17
10991,1039
10993,1
10995,1040
10997,1041
10998,2
10999,15
11000,17
11001,1042,1699
11017,1044
11018,2
11019,15
11020,17
11021,1045
11023,1
11028,1047
11029,2
11030,15
11031,17
11032,1048
11034,0
11039,1050
11040,2
11041,15
11042,17
11043,1051
11045,0
11050,1053
11051,2
11052,15
11053,17
11054,1054
11056,1
11061,1056
11062,2
11063,15
11064,17
11065,1057
11067,3
11069,1058
11071,1059,1699
11072,2
11073,15
11074,17
11075,1060,1698
11086,1062,1728
11087,2
11088,15
11089,17
11090,1063,1711
11108,1065
11109,2
11110,15
11111,17
11112,1066
11114,0
11117,1068,1711
11118,2
11119,15
11120,17
11121,1069,1710
11400,1071
11401,2
11402,15
11403,17
11404,1072
11406,0
11411,1074
11412,2
11413,15
11414,17
11415,1075
11417,1
11420,1077,1708
11421,2
11422,15
11423,17
11424,1078,1707
11436,17
11439,1081,1715
11440,2
11441,15
11442,17
11443,1082,1714
11454,1084,1708
11455,2
11456,15
11457,17
11458,1085,1706
11474,17
11479,1088
11480,2
11481,15
11482,17
11483,1089
11485,0
11490,1091
11491,2
11492,15
11493,17
11494,1092
11496,0
11501,1094
11502,2
11503,15
11504,17
11505,1095
11507,0
11512,1097
11513,2
11514,15
11515,17
11516,1098
11518,0
11525,1100,1708
11526,2
11527,15
11528,17
11529,1101,1705
11549,1103,1715
11550,2
11551,15
11552,17
11553,1104,1713
11562,1106
11563,2
11564,15
11565,17
11566,1107
11572,1108
11574,1109
11575,2
11576,15
11577,17
11578,1110,1697
11588,1112
11589,2
11590,15
11591,17
11592,1113
11594,0
11599,1115
11600,2
11601,15
11602,17
11603,1116
11605,0
11610,1118
11611,2
11612,15
11613,17
11614,1119
11616,0
11618,1120
11620,1121
11621,2
11622,15
11623,17
11624,1122
11634,1124
11635,2
11636,15
11637,17
11638,1125
11640,0
11645,1127
11646,2
11647,15
11648,17
11649,1128
11651,0
11656,1130
11657,2
11658,15
11659,17
11660,1131
11662,0
11664,1132
11666,1133
11667,2
11668,15
11669,17
11670,1134,1696
11683,1136
11684,2
11685,15
11686,17
11687,1137
11689,3
11694,1139
11695,2
11696,15
11697,17
11698,1140
11700,3
11705,1142
11706,2
11707,15
11708,17
11709,1143
11711,3
11716,1145
11717,2
11718,15
11719,17
11720,1146
11722,0
11727,1148
11728,2
11729,15
11730,17
11731,1149
11733,3
12148,1151,1794
12149,2
12150,15
12151,17
12152,1152,1793
12169,1154
12170,2
12171,15
12172,17
12173,1155
12175,0
12256,1157
12257,2
12258,15
12259,17
12260,1158
12262,0
12271,1160
12272,2
12273,15
12274,17
12275,1161
12277,0
12282,1163
12283,2
12284,15
12285,17
12286,1164
12288,0
12746,1166,1793
12747,2
12748,15
12749,17
12750,1167,1792
12757,1169,1793
12758,2
12759,15
12760,17
12761,1170,1791
12768,1172,1793
12769,2
12770,15
12771,17
12772,1173,1790
12779,1175,1793
12780,2
12781,15
12782,17
12783,1176,1789
12794,1178,1793
12795,2
12796,15
12797,17
12798,1179,1788
12813,1181,1793
12814,2
12815,15
12816,17
12817,1182,1787
12861,1184,1793
12862,2
12863,15
12864,17
12865,1185,1786
12884,1187,1793
12885,2
12886,15
12887,17
12888,1188,1785
12911,1190,1793
12912,2
12913,15
12914,17
12915,1191,1784
12946,1193,1793
12947,2
12948,15
12949,17
12950,1194,1783
13097,1196,1793
13098,2
13099,15
13100,17
13101,1197,1782
13108,1199,1793
13109,2
13110,15
13111,17
13112,1200,1781
13119,1202,1793
13120,2
13121,15
13122,17
13123,1203,1780
13130,1205,1793
13131,2
13132,15
13133,17
13134,1206,1779
13141,1208,1793
13142,2
13143,15
13144,17
13145,1209,1778
13156,1211,1793
13157,2
13158,15
13159,17
13160,1212,1777
13179,1214,1793
13180,2
13181,15
13182,17
13183,1215,1776
13190,1217,1793
13191,2
13192,15
13193,17
13194,1218,1775
13205,1220,1793
13206,2
13207,15
13208,17
13209,1221,1774
13216,1223,1793
13217,2
13218,15
13219,17
13220,1224,1773
13227,1226,1793
13228,2
13229,15
13230,17
13231,1227,1772
13310,1229,1793
13311,2
13312,15
13313,17
13314,1230,1771
13336,1232,1793
13337,2
13338,15
13339,17
13340,1233,1770
13347,1235,1793
13348,2
13349,15
13350,17
13351,1236,1769
13358,1238,1793
13359,2
13360,15
13361,17
13362,1239,1768
13377,1241,1793
13378,2
13379,15
13380,17
13381,1242,1767
13428,1244,1793
13429,2
13430,15
13431,17
13432,1245,1766
13485,1247,1793
13486,2
13487,15
13488,17
13489,1248,1765
13512,1250,1793
13513,2
13514,15
13515,17
13516,1251,1764
13582,1483
13591,1253
13592,2
13593,15
13594,17
13595,1254
13597,1
13602,1256
13603,2
13604,15
13605,17
13606,1257
13608,0
13611,1259,1793
13612,2
13613,15
13614,17
13615,1260,1763
13630,1262
13631,2
13632,15
13633,17
13634,1263,1762
13639,1265
13640,2
13641,15
13642,17
13643,1266
13645,1
13650,1268
13651,2
13652,15
13653,17
13654,1269
13656,0
13661,1271
13662,2
13663,15
13664,17
13665,1272
13667,0
13672,1274
13673,2
13674,15
13675,17
13676,1275
13678,0
13681,1277,1762
13682,2
13683,15
13684,17
13685,1278,1761
13712,1280,1762
13713,2
13714,15
13715,17
13716,1281,1760
13723,1283,1793
13724,2
13725,15
13726,17
13727,1284,1759
13746,1286,1793
13747,2
13748,15
13749,17
13750,1287,1758
13783,1289,1793
13784,2
13785,15
13786,17
13787,1290,1757
13826,1292,1793
13827,2
13828,15
13829,17
13830,1293,1756
13917,1295,1793
13918,2
13919,15
13920,17
13921,1296,1755
13937,1298
13938,2
13939,15
13940,17
13941,1299
13943,1729,1730,1731,1732,1733,1734,1735,1736,1737,1738,1739,1740,1741,1742,1743,1744,1745,1746,1747,1748,1749,1750,1751,1752,1753,1754,1755,1756,1757,1758,1759,1760,1761,1762,1763,1764,1765,1766,1767,1768,1769,1770,1771,1772,1773,1774,1775,1776,1777,1778,1779,1780,1781,1782,1783,1784,1785,1786,1787,1788,1789,1790,1791,1792,1793,1800
14144,1301
14145,2
14146,15
14147,17
14148,1302
14150,0
14162,1304
14163,2
14164,15
14165,17
14166,1305
14168,1729,1730,1731,1732,1733,1734,1735,1736,1737,1738,1739,1740,1741,1742,1743,1744,1745,1746,1747,1748,1749,1750,1751,1752,1753,1754,1755,1756,1757,1758,1759,1760,1761,1762,1763,1764,1765,1766,1767,1768,1769,1770,1771,1772,1773,1774,1775,1776,1777,1778,1779,1780,1781,1782,1783,1784,1785,1786,1787,1788,1789,1790,1791,1792,1793,1800
14369,1307
14370,2
14371,15
14372,17
14373,1308
14375,0
14387,1310
14388,2
14389,15
14390,17
14391,1311
14393,1729,1730,1731,1732,1733,1734,1735,1736,1737,1738,1739,1740,1741,1742,1743,1744,1745,1746,1747,1748,1749,1750,1751,1752,1753,1754,1755,1756,1757,1758,1759,1760,1761,1762,1763,1764,1765,1766,1767,1768,1769,1770,1771,1772,1773,1774,1775,1776,1777,1778,1779,1780,1781,1782,1783,1784,1785,1786,1787,1788,1789,1790,1791,1792,1793,1800
14594,1313
14595,2
14596,15
14597,17
14598,1314
14600,0
14619,1316
14620,2
14621,15
14622,17
14623,1317
14625,1729,1730,1731,1732,1733,1734,1735,1736,1737,1738,1739,1740,1741,1742,1743,1744,1745,1746,1747,1748,1749,1750,1751,1752,1753,1754,1755,1756,1757,1758,1759,1760,1761,1762,1763,1764,1765,1766,1767,1768,1769,1770,1771,1772,1773,1774,1775,1776,1777,1778,1779,1780,1781,1782,1783,1784,1785,1786,1787,1788,1789,1790,1791,1792,1793,1800
14840,1319
14841,2
14842,15
14843,17
14844,1320
14846,1729,1730,1731,1732,1733,1734,1735,1736,1737,1738,1739,1740,1741,1742,1743,1744,1745,1746,1747,1748,1749,1750,1751,1752,1753,1754,1755,1756,1757,1758,1759,1760,1761,1762,1763,1764,1765,1766,1767,1768,1769,1770,1771,1772,1773,1774,1775,1776,1777,1778,1779,1780,1781,1782,1783,1784,1785,1786,1787,1788,1789,1790,1791,1792,1793,1800
15047,1322
15048,2
15049,15
15050,17
15051,1323
15053,0
15060,1325,1793
15061,2
15062,15
15063,17
15064,1326,1754
15071,1328,1793
15072,2
15073,15
15074,17
15075,1329,1753
15086,1331,1793
15087,2
15088,15
15089,17
15090,1332,1752
15113,1334
15114,2
15115,15
15116,17
15117,1335
15119,1729,1730,1731,1732,1733,1734,1735,1736,1737,1738,1739,1740,1741,1742,1743,1744,1745,1746,1747,1748,1749,1750,1751,1752,1753,1754,1755,1756,1757,1758,1759,1760,1761,1762,1763,1764,1765,1766,1767,1768,1769,1770,1771,1772,1773,1774,1775,1776,1777,1778,1779,1780,1781,1782,1783,1784,1785,1786,1787,1788,1789,1790,1791,1792,1793,1800
15320,1337
15321,2
15322,15
15323,17
15324,1338
15326,0
15329,1340,1793
15330,2
15331,15
15332,17
15333,1341,1751
15364,1343
15365,2
15366,15
15367,17
15368,1344
15370,1729,1730,1731,1732,1733,1734,1735,1736,1737,1738,1739,1740,1741,1742,1743,1744,1745,1746,1747,1748,1749,1750,1751,1752,1753,1754,1755,1756,1757,1758,1759,1760,1761,1762,1763,1764,1765,1766,1767,1768,1769,1770,1771,1772,1773,1774,1775,1776,1777,1778,1779,1780,1781,1782,1783,1784,1785,1786,1787,1788,1789,1790,1791,1792,1793,1800
15571,1346
15572,2
15573,15
15574,17
15575,1347
15577,0
15579,1348
15581,1349,1750
15582,2
15583,15
15584,17
15585,1350
15591,1351
15593,1352,1750
15594,2
15595,15
15596,17
15597,1353
15608,1355,1793
15609,2
15610,15
15611,17
15612,1356,1750
15636,1358,1793
15637,2
15638,15
15639,17
15640,1359,1749
15694,1361
15695,2
15696,15
15697,17
15698,1362
15700,0
15705,1364
15706,2
15707,15
15708,17
15709,1365
15711,0
15716,1367
15717,2
15718,15
15719,17
15720,1368
15722,1
15725,1370,1793
15726,2
15727,15
15728,17
15729,1371,1748
15775,1373
15776,2
15777,15
15778,17
15779,1374
15781,1
15786,1376
15787,2
15788,15
15789,17
15790,1377
15792,0
15795,1379,1793
15796,2
15797,15
15798,17
15799,1380,1747
15813,1382,1793
15814,2
15815,15
15816,17
15817,1383,1746
16037,1385,1793
16038,2
16039,15
16040,17
16041,1386,1745
16407,1388
16408,2
16409,15
16410,17
16411,1389
16413,0
16418,1391
16419,2
16420,15
16421,17
16422,1392
16424,0
16442,1394
16443,2
16444,15
16445,17
16446,1395
16448,1
16453,1397
16454,2
16455,15
16456,17
16457,1398
16459,0
16475,1400
16476,2
16477,15
16478,17
16479,1401
16481,0
16498,1403
16499,2
16500,15
16501,17
16502,1404
16504,0
16507,1406,1793
16508,2
16509,15
16510,17
16511,1407,1744
16580,1409
16581,2
16582,15
16583,17
16584,1410
16586,1
16591,1412
16592,2
16593,15
16594,17
16595,1413
16597,0
16611,1415,1793
16612,2
16613,15
16614,17
16615,1416,1743
16668,1418
16669,2
16670,15
16671,17
16672,1419
16674,7
16679,1421
16680,2
16681,15
16682,17
16683,1422
16685,0
16690,1424
16691,2
16692,15
16693,17
16694,1425
16696,0
16701,1427
16702,2
16703,15
16704,17
16705,1428
16707,0
16747,1430
16748,2
16749,15
16750,17
16751,1431
16753,1
16758,1433
16759,2
16760,15
16761,17
16762,1434
16764,0
16778,1436,1793
16779,2
16780,15
16781,17
16782,1437,1742
16803,1439,1793
16804,2
16805,15
16806,17
16807,1440,1741
16822,1442,1793
16823,2
16824,15
16825,17
16826,1443,1740
16868,1445,1793
16869,2
16870,15
16871,17
16872,1446,1739
16961,1448
16962,2
16963,15
16964,17
16965,1449
16967,1
16972,1451
16973,2
16974,15
16975,17
16976,1452
16978,0
16994,1454
16995,2
16996,15
16997,17
16998,1455
17000,0
17017,1457
17018,2
17019,15
17020,17
17021,1458
17023,0
17026,1460,1793
17027,2
17028,15
17029,17
17030,1461,1738
17083,1463
17084,2
17085,15
17086,17
17087,1464
17089,1
17094,1466
17095,2
17096,15
17097,17
17098,1467
17100,0
17114,1469,1793
17115,2
17116,15
17117,17
17118,1470,1737
17168,1472
17169,2
17170,15
17171,17
17172,1473
17174,1
17179,1475
17180,2
17181,15
17182,17
17183,1476
17185,0
17199,1478,1793
17200,2
17201,15
17202,17
17203,1479,1736
17233,1481,1793
17234,2
17235,15
17236,17
17237,1482,1735
17279,1484
17280,2
17281,15
17282,17
17283,1485,1695
17322,1487,1793
17323,2
17324,15
17325,17
17326,1488,1734
17337,1490,1793
17338,2
17339,15
17340,17
17341,1491,1733
17372,1493,1793
17373,2
17374,15
17375,17
17376,1494,1732
17391,1496,1793
17392,2
17393,15
17394,17
17395,1497,1731
17536,1499,1793
17537,2
17538,15
17539,17
17540,1500,1730
17596,1502,1724
17597,2
17598,15
17599,17
17600,1503,1718
17609,2
17610,13
17612,1718,1719,1720,1721,1722,1723,1724,1725,1726,1729,1730,1731,1732,1733,1734,1735,1736,1737,1738,1739,1740,1741,1742,1743,1744,1745,1746,1747,1748,1749,1750,1751,1752,1753,1754,1755,1756,1757,1758,1759,1760,1761,1762,1763,1764,1765,1766,1767,1768,1769,1770,1771,1772,1773,1774,1775,1776,1777,1778,1779,1780,1781,1782,1783,1784,1785,1786,1787,1788,1789,1790,1791,1792,1793,1794
17841,1535
17847,1529
17852,1506
17853,2
17854,15
17855,17
17856,1507
17858,1729
17864,1509
17865,2
17866,15
17867,17
17868,1510
17870,1692
17872,1598
18167,1512
18168,2
18169,15
18170,17
18171,1513
18173,0
18178,1515
18179,2
18180,15
18181,17
18182,1516
18184,0
18189,1518
18190,2
18191,15
18192,17
18193,1519
18195,0
18200,1521
18201,2
18202,15
18203,17
18204,1522
18206,0
18211,1524
18212,2
18213,15
18214,17
18215,1525
18217,1713,1714,1715
18231,1527,1793
18232,2
18233,15
18234,17
18235,1528,1729
18246,1530
18247,2
18248,15
18249,17
18250,1531,1693
18259,1533
18260,2
18261,15
18262,17
18263,1534
18265,1729
18269,1536
18270,2
18271,15
18272,17
18273,1537,1694
18752,1539
18753,2
18754,15
18755,17
18756,1540
18758,1692
18764,1542
18765,2
18766,15
18767,17
18768,1543
18770,1692
18776,1545
18777,2
18778,15
18779,17
18780,1546
18782,0
18784,1547
18786,1548,1762
18787,2
18788,15
18789,17
18790,1549
18817,1551
18818,2
18819,15
18820,17
18821,1552,1709
18830,1554
18831,2
18832,15
18833,17
18834,1555
18836,3
18841,1557
18842,2
18843,15
18844,17
18845,1558
18847,0
18852,1560
18853,2
18854,15
18855,17
18856,1561
18858,0
18863,1563
18864,2
18865,15
18866,17
18867,1564
18869,0
18899,1565
18901,1566
18902,2
18903,15
18904,17
18905,1567,1691
18910,1569
18911,2
18912,15
18913,17
18914,1570
18916,0
18921,1572
18922,2
18923,15
18924,17
18925,1573
18927,0
18932,1575
18933,2
18934,15
18935,17
18936,1576
18938,0
18940,1577
18942,1578
18943,2
18944,15
18945,17
18946,1579,1690
18968,1580
18974,1592
18977,1581
18978,2
18979,15
18980,17
18981,1582,1689
18990,1583
18997,1584
18998,2
18999,15
19000,17
19001,1585,1687
19022,1587
19023,2
19024,15
19025,17
19026,1588
19028,3
19033,1590
19034,2
19035,15
19036,17
19037,1591
19039,3
19042,1593
19043,2
19044,15
19045,17
19046,1594,1688
19055,1595
19070,1596
19071,2
19072,15
19073,17
19074,1597,1686
19094,1599
19095,2
19096,15
19097,17
19098,1600,1692
19796,1602
19797,2
19798,15
19799,17
19800,1603
19802,1725
19808,1605
19809,2
19810,15
19811,17
19812,1606
19814,0
19819,1608
19820,2
19821,15
19822,17
19823,1609
19825,1725
19831,1611
19832,2
19833,15
19834,17
19835,1612
19837,0
19842,1614
19843,2
19844,15
19845,17
19846,1615
19848,0
19853,1617
19854,2
19855,15
19856,17
19857,1618
19859,0
19864,1620
19865,2
19866,15
19867,17
19868,1621
19870,2
19875,1623
19876,2
19877,15
19878,17
19879,1624
19881,0
19886,1626
19887,2
19888,15
19889,17
19890,1627
19892,0
19897,1629
19898,2
19899,15
19900,17
19901,1630
19903,1
19908,1632
19909,2
19910,15
19911,17
19912,1633
19914,1692
19925,1634
19927,1635
19928,2
19929,15
19930,17
19931,1636,1685
19976,1638
19977,2
19978,15
19979,17
19980,1639
19982,0
19987,1641
19988,2
19989,15
19990,17
19991,1642
19993,0
20003,1643
20005,1644
20006,2
20007,15
20008,17
20009,1645
20014,1647
20015,2
20016,15
20017,17
20018,1648
20020,3
20023,1650
20024,2
20025,15
20026,5,17
20027,6,1651,1704
20106,1653
20107,2
20108,15
20109,17
20110,1654
20120,1656
20121,2
20122,15
20123,17
20124,1657
20126,6,1651,1704
20131,1659
20132,2
20133,15
20134,17
20135,1660
20140,1662
20141,2
20142,15
20143,17
20144,1663
20149,1665
20150,2
20151,15
20152,17
20153,1666
20158,1668
20159,2
20160,15
20161,17
20162,1669
20167,1671
20168,2
20169,15
20170,17
20171,1672
20176,1674
20177,2
20178,15
20179,17
20180,1675
20185,1677
20186,2
20187,15
20188,17
20189,1678
20194,1680
20195,2
20196,15
20197,17
20198,1681
20203,1683
20204,2
20205,15
20206,17
20207,1684
20209,1696
20227,1718
20229,1709
20230,2
20231,2
20232,1685
20233,1
20234,1
20235,2
20236,2
20237,2
20238,2
20239,3
20240,1690
20241,1691
20242,6,1651,1704
20243,6,1651,1704
20244,6,1651,1704
20245,6,1651,1704
20246,6,1651,1704
20247,6,1651,1704
20248,2
20249,5
20253,1646
20256,1635
20258,2
20261,2
20264,2
20267,2
20270,2
20273,2
20276,2
20279,2
20282,2
20285,2
20288,1637
20291,1640
20294,1
20297,1
20300,1596
20302,3
20305,1687
20308,3
20311,3
20314,1584
20316,3
20317,3
20320,3
20323,3
20326,1586
20329,1589
20332,1593
20334,5,1686
20337,2
20340,1581
20342,5,1687
20343,2
20344,1578
20346,3
20349,3
20352,3
20355,3
20358,1689
20361,1688
20364,1566
20366,1568
20369,1571
20372,1574
20375,3
20376,3
20379,2
20382,2
20385,3
20386,1599
20388,1
20391,1718,1719,1720,1721,1722,1723,1724,1725,1726,1729,1730,1731,1732,1733,1734,1735,1736,1737,1738,1739,1740,1741,1742,1743,1744,1745,1746,1747,1748,1749,1750,1751,1752,1753,1754,1755,1756,1757,1758,1759,1760,1761,1762,1763,1764,1765,1766,1767,1768,1769,1770,1771,1772,1773,1774,1775,1776,1777,1778,1779,1780,1781,1782,1783,1784,1785,1786,1787,1788,1789,1790,1791,1792,1793,1794
20394,1718,1719,1720,1721,1722,1723,1724,1725,1726,1729,1730,1731,1732,1733,1734,1735,1736,1737,1738,1739,1740,1741,1742,1743,1744,1745,1746,1747,1748,1749,1750,1751,1752,1753,1754,1755,1756,1757,1758,1759,1760,1761,1762,1763,1764,1765,1766,1767,1768,1769,1770,1771,1772,1773,1774,1775,1776,1777,1778,1779,1780,1781,1782,1783,1784,1785,1786,1787,1788,1789,1790,1791,1792,1793,1794
20397,2
20400,1718,1719,1720,1721,1722,1723,1724,1725,1726,1729,1730,1731,1732,1733,1734,1735,1736,1737,1738,1739,1740,1741,1742,1743,1744,1745,1746,1747,1748,1749,1750,1751,1752,1753,1754,1755,1756,1757,1758,1759,1760,1761,1762,1763,1764,1765,1766,1767,1768,1769,1770,1771,1772,1773,1774,1775,1776,1777,1778,1779,1780,1781,1782,1783,1784,1785,1786,1787,1788,1789,1790,1791,1792,1793,1794
20403,2
20406,1601
20409,1604
20412,1607
20415,1610
20418,1613
20421,1616
20424,1619
20427,1622
20430,1625
20433,1628
20436,1631
20439,3
20442,3
20445,1530
20447,2
20448,1532
20449,1536
20451,1718,1719,1720,1721,1722,1723,1724,1725,1726,1729,1730,1731,1732,1733,1734,1735,1736,1737,1738,1739,1740,1741,1742,1743,1744,1745,1746,1747,1748,1749,1750,1751,1752,1753,1754,1755,1756,1757,1758,1759,1760,1761,1762,1763,1764,1765,1766,1767,1768,1769,1770,1771,1772,1773,1774,1775,1776,1777,1778,1779,1780,1781,1782,1783,1784,1785,1786,1787,1788,1789,1790,1791,1792,1793,1794
20454,2
20457,1718,1719,1720,1721,1722,1723,1724,1725,1726,1729,1730,1731,1732,1733,1734,1735,1736,1737,1738,1739,1740,1741,1742,1743,1744,1745,1746,1747,1748,1749,1750,1751,1752,1753,1754,1755,1756,1757,1758,1759,1760,1761,1762,1763,1764,1765,1766,1767,1768,1769,1770,1771,1772,1773,1774,1775,1776,1777,1778,1779,1780,1781,1782,1783,1784,1785,1786,1787,1788,1789,1790,1791,1792,1793,1794
20460,2
20463,1
20466,2
20469,3
20470,1538
20473,1541
20476,1544
20479,3
20482,1484
20484,1
20487,1
20490,1
20493,1
20496,1
20499,1
20502,1
20505,1
20508,1
20511,1133
20513,3
20516,2
20517,1135
20518,1138
20521,1141
20524,1144
20527,1147
20530,3
20533,3
20536,3
20539,3
20542,3
20545,3
20548,3
20551,3
20554,3
20557,3
20560,3
20563,3
20566,3
20569,3
20572,3
20575,3
20578,3
20581,3
20584,3
20587,3
20590,3
20593,3
20596,3
20599,3
20602,3
20605,3
20608,3
20611,3
20614,3
20617,3
20620,3
20621,3
20624,3
20627,3
20630,3
20633,3
20636,3
20639,3
20642,3
20645,3
20648,3
20651,3
20654,3
20657,3
20660,3
20663,3
20666,3
20669,3
20672,3
20675,3
20676,3
20677,3
20680,3
20683,3
20686,3
20689,3
20692,3
20695,3
20698,3
20701,3
20704,3
20707,3
20710,3
20713,3
20716,3
20719,3
20722,3
20725,3
20728,3
20731,3
20734,3
20737,3
20740,3
20743,3
20746,3
20749,3
20752,3
20755,3
20758,3
20761,3
20764,3
20767,3
20770,3
20773,3
20776,3
20779,3
20782,3
20785,3
20788,3
20791,3
20794,3
20797,3
20800,3
20803,3
20806,3
20807,3
20810,3
20813,3
20816,3
20819,3
20822,3
20823,3
20826,3
20829,3
20830,1123,1126,1129
20833,1109
20835,3
20836,1111,1114,1117
20837,1059,1699
20839,3
20842,1041
20844,3
20845,2
20846,3,5
20847,1043
20850,1046
20853,1049
20856,1052
20859,1055
20861,1035
20863,2
20864,3,5
20865,1037
20866,987
20868,2
20869,2
20870,2
20871,2
20872,2
20873,2
20874,984
20876,2
20877,1701
20878,990
20880,3,5
20883,3,5
20886,3
20889,3
20890,3
20891,1650
20894,1718
20897,1718
20898,1709
20901,1709
20902,2
20905,2
20906,2
20909,2
20910,1685
20913,1685
20914,1
20917,1
20918,1
20921,1
20922,2
20925,2
20926,2
20929,2
20930,2
20933,2
20934,2
20937,2
20938,3
20939,3
20940,1690
20943,1690
20944,1691
20947,1691
20950,6,1651,1704
20951,6,1651,1704
20954,6,1651,1704
20955,6,1651,1704
20958,6,1651,1704
20959,6,1651,1704
20962,6,1651,1704
20963,6,1651,1704
20964,6,1651,1704
20965,6,1651,1704
20968,6,1651,1704
20969,2
20970,2
20971,5
20974,5
20997,1652
21000,1694
21003,1655
21006,1658
21009,1661
21012,1664
21015,1667
21018,1670
21021,1673
21024,1676
21027,1679
21030,1682
21033,1100,1708
21035,5,1713
21036,1700
21039,1084,1708
21041,2
21042,5,1086
21043,1087
21044,1090,1093
21045,1096
21046,2
21049,1077,1708
21051,5,1079
21052,1032
21054,5,1079,1086,1713,1729,1730,1731,1732,1733,1734,1735,1736,1737,1738,1739,1740,1741,1742,1743,1744,1745,1746,1747,1748,1749,1750,1751,1752,1753,1754,1755,1756,1757,1758,1759,1760,1761,1762,1763,1764,1765,1766,1767,1768,1769,1770,1771,1772,1773,1774,1775,1776,1777,1778,1779,1780,1781,1782,1783,1784,1785,1786,1787,1788,1789,1790,1791,1792,1793,1794
21055,1700
21056,2
21057,1087
21058,1090,1093
21059,1096
21060,2
21061,5,1729,1730,1731,1732,1733,1734,1735,1736,1737,1738,1739,1740,1741,1742,1743,1744,1745,1746,1747,1748,1749,1750,1751,1752,1753,1754,1755,1756,1757,1758,1759,1760,1761,1762,1763,1764,1765,1766,1767,1768,1769,1770,1771,1772,1773,1774,1775,1776,1777,1778,1779,1780,1781,1782,1783,1784,1785,1786,1787,1788,1789,1790,1791,1792,1793,1794
21063,2
21068,1551
21070,3
21073,134,1553
21074,134
21076,1556
21079,1559
21082,1562
21085,3
21088,3
21091,3
21094,3
21097,3
21100,3
21103,3
21106,1068,1711
21108,2
21109,2
21110,2
21113,2
21116,1
21119,1
21122,1
21125,1
21128,2
21131,2
21134,1718,1719,1720,1721,1722,1723,1724,1725,1726,1727,1729,1730,1731,1732,1733,1734,1735,1736,1737,1738,1739,1740,1741,1742,1743,1744,1745,1746,1747,1748,1749,1750,1751,1752,1753,1754,1755,1756,1757,1758,1759,1760,1761,1762,1763,1764,1765,1766,1767,1768,1769,1770,1771,1772,1773,1774,1775,1776,1777,1778,1779,1780,1781,1782,1783,1784,1785,1786,1787,1788,1789,1790,1791,1792,1793,1794
21137,1070
21140,1073
21143,1062,1728
21145,2
21146,2
21147,2
21148,2
21149,1
21150,1
21151,1
21152,1
21153,2
21154,2
21155,1718,1719,1720,1721,1722,1723,1724,1725,1726,1727,1729,1730,1731,1732,1733,1734,1735,1736,1737,1738,1739,1740,1741,1742,1743,1744,1745,1746,1747,1748,1749,1750,1751,1752,1753,1754,1755,1756,1757,1758,1759,1760,1761,1762,1763,1764,1765,1766,1767,1768,1769,1770,1771,1772,1773,1774,1775,1776,1777,1778,1779,1780,1781,1782,1783,1784,1785,1786,1787,1788,1789,1790,1791,1792,1793,1794
21156,1070
21157,1073
21171,1704
21174,2
21177,1064
21180,917
21182,919
21185,922
21188,925
21191,928
21194,931
21197,934
21200,1803
21203,1103,1715
21205,1105
21208,1081,1715
21210,3
21211,1029
21213,1105
21214,3
21217,5,1718,1719,1720,1721,1722,1723,1724,1725,1726,1729,1730,1731,1732,1733,1734,1735,1736,1737,1738,1739,1740,1741,1742,1743,1744,1745,1746,1747,1748,1749,1750,1751,1752,1753,1754,1755,1756,1757,1758,1759,1760,1761,1762,1763,1764,1765,1766,1767,1768,1769,1770,1771,1772,1773,1774,1775,1776,1777,1778,1779,1780,1781,1782,1783,1784,1785,1786,1787,1788,1789,1790,1791,1792,1793,1794
21218,2
21219,7
21220,794,1728
21222,7
21223,791
21225,7
21226,1
21229,1
21233,1502,1724
21235,5,6,1651,1704
21239,1504
21242,1694
21245,1693
21248,1505
21251,1508
21252,3
21255,3
21258,3
21261,3
21264,1729,1730,1731,1732,1733,1734,1735,1736,1737,1738,1739,1740,1741,1742,1743,1744,1745,1746,1747,1748,1749,1750,1751,1752,1753,1754,1755,1756,1757,1758,1759,1760,1761,1762,1763,1764,1765,1766,1767,1768,1769,1770,1771,1772,1773,1774,1775,1776,1777,1778,1779,1780,1781,1782,1783,1784,1785,1786,1787,1788,1789,1790,1791,1792,1793,1800
21267,1705,1706,1707,1708
21270,1705,1706,1707,1708
21273,1705,1706,1707,1708
21276,1705,1706,1707,1708
21279,1705,1706,1707,1708
21282,3
21285,1511
21286,1514
21287,1517
21290,1520
21293,1523
21296,2
21299,1026,1721
21301,1017,1721
21303,1019
21306,3
21309,1022
21312,999,1726
21314,1019
21315,3
21316,1022
21320,3
21323,2
21324,1001
21327,1004
21330,1007
21333,1010
21336,1013
21339,996,1726
21341,3
21344,3
21345,993,1726
21347,3
21348,3
21351,3
21354,860,1726
21356,5,1704
21357,1504
21358,1694
21359,1693
21360,1505
21361,1508
21362,3
21363,3
21364,3
21365,3
21366,5,1729,1730,1731,1732,1733,1734,1735,1736,1737,1738,1739,1740,1741,1742,1743,1744,1745,1746,1747,1748,1749,1750,1751,1752,1753,1754,1755,1756,1757,1758,1759,1760,1761,1762,1763,1764,1765,1766,1767,1768,1769,1770,1771,1772,1773,1774,1775,1776,1777,1778,1779,1780,1781,1782,1783,1784,1785,1786,1787,1788,1789,1790,1791,1792,1793,1800
21367,1705,1706,1707,1708
21368,1705,1706,1707,1708
21369,1705,1706,1707,1708
21370,1705,1706,1707,1708
21371,1705,1706,1707,1708
21372,3
21373,1511
21374,1514
21375,910,1517
21376,913,1520
21377,907,1523
21378,2
21379,5,1704
21385,3
21386,3
21387,3
21388,3
21389,5,1729,1730,1731,1732,1733,1734,1735,1736,1737,1738,1739,1740,1741,1742,1743,1744,1745,1746,1747,1748,1749,1750,1751,1752,1753,1754,1755,1756,1757,1758,1759,1760,1761,1762,1763,1764,1765,1766,1767,1768,1769,1770,1771,1772,1773,1774,1775,1776,1777,1778,1779,1780,1781,1782,1783,1784,1785,1786,1787,1788,1789,1790,1791,1792,1793,1800
21390,1705,1706,1707,1708
21392,1705,1706,1707,1708
21393,1705,1706,1707,1708
21395,3
21398,910
21399,913
21400,907
21402,862
21405,865
21408,1712
21411,3
21414,3
21417,5,1723
21420,5,1729,1730,1731,1732,1733,1734,1735,1736,1737,1738,1739,1740,1741,1742,1743,1744,1745,1746,1747,1748,1749,1750,1751,1752,1753,1754,1755,1756,1757,1758,1759,1760,1761,1762,1763,1764,1765,1766,1767,1768,1769,1770,1771,1772,1773,1774,1775,1776,1777,1778,1779,1780,1781,1782,1783,1784,1785,1786,1787,1788,1789,1790,1791,1792,1793,1794
21423,868
21426,871
21429,874
21432,877
21435,880
21438,883
21441,886
21444,889
21447,892
21450,895
21453,898
21456,901
21459,904
21462,5,1709
21463,3
21466,3
21469,3
21472,5,1790
21475,1705,1706,1707,1708
21478,1705,1706,1707,1708
21479,1705,1706,1707,1708
21482,3
21485,5,1803
21488,5,1803
21491,5,1803
21494,5,1803
21497,5,1803
21500,5,1803
21503,5,1803
21506,5,1803
21509,5,1803
21512,5,1803
21515,5,1803
21518,5,1803
21521,5,1803
21524,5,1803
21527,5,1803
21530,5,1803
21533,5,1803
21536,5,1803
21539,5,1803
21542,5,1803
21545,5,1803
21548,5,1803
21551,5,1803
21554,5,1803
21557,5,1803
21560,5,1803
21563,5,1803
21564,5,1803
21567,5,1803
21570,5,1803
21573,5,1803
21576,5,1803
21579,5,1803
21582,5,1803
21585,5,1803
21588,5,1803
21591,5,1803
21594,5,1803
21597,5,1803
21600,5,1803
21603,5,1803
21606,5,1803
21609,5,1803
21612,5,1803
21615,5,1803
21618,5,1803
21621,5,1803
21624,5,1803
21627,5,1803
21630,5,1803
21633,5,1803
21636,5,1803
21639,5,1803
21642,5,1803
21645,857,1726
21647,818,1727
21652,3
21653,2
21654,1001
21655,1004
21656,1007
21657,1010
21658,1013
21659,3
21660,3
21661,3
21662,3
21663,5,1704
21669,3
21670,3
21671,3
21672,3
21673,5,1729,1730,1731,1732,1733,1734,1735,1736,1737,1738,1739,1740,1741,1742,1743,1744,1745,1746,1747,1748,1749,1750,1751,1752,1753,1754,1755,1756,1757,1758,1759,1760,1761,1762,1763,1764,1765,1766,1767,1768,1769,1770,1771,1772,1773,1774,1775,1776,1777,1778,1779,1780,1781,1782,1783,1784,1785,1786,1787,1788,1789,1790,1791,1792,1793,1800
21674,1705,1706,1707,1708
21676,1705,1706,1707,1708
21677,1705,1706,1707,1708
21679,3
21682,910
21683,913
21684,907
21686,862
21687,865
21688,1712
21689,3
21690,3
21691,5,1723
21692,5,1729,1730,1731,1732,1733,1734,1735,1736,1737,1738,1739,1740,1741,1742,1743,1744,1745,1746,1747,1748,1749,1750,1751,1752,1753,1754,1755,1756,1757,1758,1759,1760,1761,1762,1763,1764,1765,1766,1767,1768,1769,1770,1771,1772,1773,1774,1775,1776,1777,1778,1779,1780,1781,1782,1783,1784,1785,1786,1787,1788,1789,1790,1791,1792,1793,1794
21693,868,965
21694,871,968
21695,874,971
21696,877
21697,880
21698,883
21699,886
21700,889
21701,892
21702,895
21703,898
21704,901
21705,904
21706,5,1709
21707,3
21708,3
21709,3
21710,5,1790
21711,1705,1706,1707,1708
21712,1705,1706,1707,1708
21713,1705,1706,1707,1708
21714,3
21715,5,1803
21716,5,1803
21717,5,1803
21718,5,1803
21719,5,1803
21720,5,1803
21721,5,1803
21722,5,1803
21723,5,1803
21724,5,1803
21725,5,1803
21726,5,1803
21727,5,1803
21728,5,1803
21729,5,1803
21730,5,1803
21731,5,1803
21732,5,1803
21733,5,1803
21734,5,1803
21735,5,1803
21736,5,1803
21737,5,1803
21738,5,1803
21739,5,1803
21740,5,1803
21741,5,1803
21742,5,1803
21743,5,1803
21744,5,1803
21745,5,1803
21746,5,1803
21747,5,1803
21748,5,1803
21749,5,1803
21750,5,1803
21751,5,1803
21752,5,1803
21753,5,1803
21754,5,1803
21755,5,1803
21756,5,1803
21757,5,1803
21758,5,1803
21759,5,1803
21760,5,1803
21761,5,1803
21762,5,1803
21763,5,1803
21764,5,1803
21765,5,1803
21766,5,1803
21767,5,1803
21768,5,1803
21889,2
21892,2
21895,2
21898,2
21901,2
21904,2
21907,2
21910,2
21913,2
21916,2
21919,2
21922,2
21925,2
21928,3
21931,3
21934,5,1718,1724
21937,5,1718,1719,1720,1721,1722,1723,1724,1725,1726,1729,1730,1731,1732,1733,1734,1735,1736,1737,1738,1739,1740,1741,1742,1743,1744,1745,1746,1747,1748,1749,1750,1751,1752,1753,1754,1755,1756,1757,1758,1759,1760,1761,1762,1763,1764,1765,1766,1767,1768,1769,1770,1771,1772,1773,1774,1775,1776,1777,1778,1779,1780,1781,1782,1783,1784,1785,1786,1787,1788,1789,1790,1791,1792,1793,1794
21940,5,1729,1730,1731,1732,1733,1734,1735,1736,1737,1738,1739,1740,1741,1742,1743,1744,1745,1746,1747,1748,1749,1750,1751,1752,1753,1754,1755,1756,1757,1758,1759,1760,1761,1762,1763,1764,1765,1766,1767,1768,1769,1770,1771,1772,1773,1774,1775,1776,1777,1778,1779,1780,1781,1782,1783,1784,1785,1786,1787,1788,1789,1790,1791,1792,1793,1794
21943,820
21946,1713,1714,1715
21949,5,1718,1719,1720,1721,1722,1723,1724,1725,1726,1729,1730,1731,1732,1733,1734,1735,1736,1737,1738,1739,1740,1741,1742,1743,1744,1745,1746,1747,1748,1749,1750,1751,1752,1753,1754,1755,1756,1757,1758,1759,1760,1761,1762,1763,1764,1765,1766,1767,1768,1769,1770,1771,1772,1773,1774,1775,1776,1777,1778,1779,1780,1781,1782,1783,1784,1785,1786,1787,1788,1789,1790,1791,1792,1793,1794
21952,5,1718,1719,1720,1721,1722,1723,1724,1725,1726,1729,1730,1731,1732,1733,1734,1735,1736,1737,1738,1739,1740,1741,1742,1743,1744,1745,1746,1747,1748,1749,1750,1751,1752,1753,1754,1755,1756,1757,1758,1759,1760,1761,1762,1763,1764,1765,1766,1767,1768,1769,1770,1771,1772,1773,1774,1775,1776,1777,1778,1779,1780,1781,1782,1783,1784,1785,1786,1787,1788,1789,1790,1791,1792,1793,1794
21955,5,1718,1719,1720,1721,1722,1723,1724,1725,1726,1729,1730,1731,1732,1733,1734,1735,1736,1737,1738,1739,1740,1741,1742,1743,1744,1745,1746,1747,1748,1749,1750,1751,1752,1753,1754,1755,1756,1757,1758,1759,1760,1761,1762,1763,1764,1765,1766,1767,1768,1769,1770,1771,1772,1773,1774,1775,1776,1777,1778,1779,1780,1781,1782,1783,1784,1785,1786,1787,1788,1789,1790,1791,1792,1793,1794
21958,5,1718,1719,1720,1721,1722,1723,1724,1725,1726,1729,1730,1731,1732,1733,1734,1735,1736,1737,1738,1739,1740,1741,1742,1743,1744,1745,1746,1747,1748,1749,1750,1751,1752,1753,1754,1755,1756,1757,1758,1759,1760,1761,1762,1763,1764,1765,1766,1767,1768,1769,1770,1771,1772,1773,1774,1775,1776,1777,1778,1779,1780,1781,1782,1783,1784,1785,1786,1787,1788,1789,1790,1791,1792,1793,1794
21961,2
21964,2
21967,2
21970,2
21973,2
21976,2
21979,823
21982,3,5
21985,3,5
21988,826
21991,829
21994,832
21997,835
22000,838
22003,841
22006,844
22009,847
22012,850
22015,853
22018,800
22140,2
22141,2
22142,2
22143,2
22144,2
22145,2
22146,2
22147,2
22148,2
22149,2
22150,2
22151,2
22152,2
22153,3
22154,3
22155,5,1718,1724
22156,5,1718,1719,1720,1721,1722,1723,1724,1725,1726,1729,1730,1731,1732,1733,1734,1735,1736,1737,1738,1739,1740,1741,1742,1743,1744,1745,1746,1747,1748,1749,1750,1751,1752,1753,1754,1755,1756,1757,1758,1759,1760,1761,1762,1763,1764,1765,1766,1767,1768,1769,1770,1771,1772,1773,1774,1775,1776,1777,1778,1779,1780,1781,1782,1783,1784,1785,1786,1787,1788,1789,1790,1791,1792,1793,1794
22157,5,1729,1730,1731,1732,1733,1734,1735,1736,1737,1738,1739,1740,1741,1742,1743,1744,1745,1746,1747,1748,1749,1750,1751,1752,1753,1754,1755,1756,1757,1758,1759,1760,1761,1762,1763,1764,1765,1766,1767,1768,1769,1770,1771,1772,1773,1774,1775,1776,1777,1778,1779,1780,1781,1782,1783,1784,1785,1786,1787,1788,1789,1790,1791,1792,1793,1794
22158,820
22159,1713,1714,1715
22160,5,1718,1719,1720,1721,1722,1723,1724,1725,1726,1729,1730,1731,1732,1733,1734,1735,1736,1737,1738,1739,1740,1741,1742,1743,1744,1745,1746,1747,1748,1749,1750,1751,1752,1753,1754,1755,1756,1757,1758,1759,1760,1761,1762,1763,1764,1765,1766,1767,1768,1769,1770,1771,1772,1773,1774,1775,1776,1777,1778,1779,1780,1781,1782,1783,1784,1785,1786,1787,1788,1789,1790,1791,1792,1793,1794
22161,5,1718,1719,1720,1721,1722,1723,1724,1725,1726,1729,1730,1731,1732,1733,1734,1735,1736,1737,1738,1739,1740,1741,1742,1743,1744,1745,1746,1747,1748,1749,1750,1751,1752,1753,1754,1755,1756,1757,1758,1759,1760,1761,1762,1763,1764,1765,1766,1767,1768,1769,1770,1771,1772,1773,1774,1775,1776,1777,1778,1779,1780,1781,1782,1783,1784,1785,1786,1787,1788,1789,1790,1791,1792,1793,1794
22162,5,1718,1719,1720,1721,1722,1723,1724,1725,1726,1729,1730,1731,1732,1733,1734,1735,1736,1737,1738,1739,1740,1741,1742,1743,1744,1745,1746,1747,1748,1749,1750,1751,1752,1753,1754,1755,1756,1757,1758,1759,1760,1761,1762,1763,1764,1765,1766,1767,1768,1769,1770,1771,1772,1773,1774,1775,1776,1777,1778,1779,1780,1781,1782,1783,1784,1785,1786,1787,1788,1789,1790,1791,1792,1793,1794
22163,5,1718,1719,1720,1721,1722,1723,1724,1725,1726,1729,1730,1731,1732,1733,1734,1735,1736,1737,1738,1739,1740,1741,1742,1743,1744,1745,1746,1747,1748,1749,1750,1751,1752,1753,1754,1755,1756,1757,1758,1759,1760,1761,1762,1763,1764,1765,1766,1767,1768,1769,1770,1771,1772,1773,1774,1775,1776,1777,1778,1779,1780,1781,1782,1783,1784,1785,1786,1787,1788,1789,1790,1791,1792,1793,1794
22164,2
22165,2
22166,2
22167,2
22168,2
22169,2
22170,823
22171,3,5
22172,3,5
22173,826
22174,829
22175,832
22176,835
22177,838
22178,841
22179,844
22180,847
22181,850
22182,853
22346,802
22349,805
22352,808
22355,811
22358,814
22361,776
22376,1704
22377,2,7
22378,1064
22379,3
22380,5,1718,1719,1720,1721,1722,1723,1724,1725,1726,1727,1729,1730,1731,1732,1733,1734,1735,1736,1737,1738,1739,1740,1741,1742,1743,1744,1745,1746,1747,1748,1749,1750,1751,1752,1753,1754,1755,1756,1757,1758,1759,1760,1761,1762,1763,1764,1765,1766,1767,1768,1769,1770,1771,1772,1773,1774,1775,1776,1777,1778,1779,1780,1781,1782,1783,1784,1785,1786,1787,1788,1789,1790,1791,1792,1793,1794
22381,5,1718,1719,1720,1721,1722,1723,1724,1725,1726,1727,1729,1730,1731,1732,1733,1734,1735,1736,1737,1738,1739,1740,1741,1742,1743,1744,1745,1746,1747,1748,1749,1750,1751,1752,1753,1754,1755,1756,1757,1758,1759,1760,1761,1762,1763,1764,1765,1766,1767,1768,1769,1770,1771,1772,1773,1774,1775,1776,1777,1778,1779,1780,1781,1782,1783,1784,1785,1786,1787,1788,1789,1790,1791,1792,1793,1794
22384,2
22387,2
22390,2
22393,2
22396,778
22399,781
22402,1
22403,1
22404,784
22407,1
22410,1
22413,2
22416,787
22435,2
22438,3
22441,3
22444,2
22447,714
22450,717
22453,2
22456,3
22457,3
22458,3
22461,1527,1793
22463,3
22464,1499,1793
22466,3
22467,3
22470,3
22473,3
22476,3
22479,1
22482,5,1718,1724
22485,5,1704
22488,3
22491,3
22494,1496,1793
22496,3
22499,3
22502,5,1803
22505,5,1803
22508,5,1803
22511,5,1803
22512,5,1803
22513,5,1803
22514,5,1803
22517,5,1803
22518,5,1803
22521,5,1803
22524,5,1803
22527,5,1803
22530,5,1803
22533,5,1803
22536,5,1803
22539,5,1803
22540,5,1803
22543,5,1803
22546,1493,1793
22548,3
22549,3
22552,1490,1793
22554,3
22555,3
22556,3
22559,1
22562,1
22565,3
22568,1487,1793
22570,1
22571,1481,1793
22573,2
22574,2
22577,2
22580,2
22583,2
22586,2
22589,1713,1714,1715
22592,1478,1793
22594,2
22595,2
22596,2
22597,1713,1714,1715
22598,1469,1793
22600,1698
22603,5,1749
22606,3
22607,3
22608,3
22611,3
22612,1
22615,1695
22618,3
22621,1471
22624,1474
22627,1713,1714,1715
22628,1460,1793
22630,1
22633,3
22636,1
22637,5,1749
22638,3
22641,3
22642,3
22643,1
22644,1695
22645,3
22646,1462
22647,1465
22648,1713,1714,1715
22649,1445,1793
22651,1
22652,2
22653,3
22656,1
22657,5,1749
22658,2
22661,3
22662,3
22665,1
22668,1
22671,2
22672,3
22675,3
22676,3
22677,3
22678,2
22681,1
22682,1695
22683,3
22684,1447
22685,1450
22686,1713,1714,1715
22687,1453
22688,2
22691,2
22694,3
22697,1456
22700,1442,1793
22702,1
22703,5,1749
22704,3
22705,1
22708,1
22711,3
22712,3
22713,2
22716,1439,1793
22718,1
22719,3
22720,1436,1793
22722,1705,1706,1707,1708
22725,1415,1793
22727,1
22728,1
22729,5,1749
22730,1
22733,3
22734,1
22735,2
22736,3
22737,1706
22738,2
22739,1417
22740,1420,1423
22741,1426
22742,1705,1706,1707,1708
22745,2
22746,3
22747,1
22748,1695
22749,3
22750,1429
22751,1432
22752,1713,1714,1715
22753,1406,1793
22755,1
22756,1
22757,5,1749
22758,3
22761,3
22764,3
22767,1
22770,3
22773,3
22774,3
22775,3
22776,1
22777,1695
22778,3
22779,1408
22780,1411
22781,1713,1714,1715
22782,1385,1793
22784,3
22787,3
22790,3
22793,1
22794,1
22797,1
22798,3
22799,1
22800,5,1749
22801,5
22804,3
22805,3
22806,3
22807,1
22808,3
22809,3
22810,1
22813,5,1729,1730,1731,1732,1733,1734,1735,1736,1737,1738,1739,1740,1741,1742,1743,1744,1745,1746,1747,1748,1749,1750,1751,1752,1753,1754,1755,1756,1757,1758,1759,1760,1761,1762,1763,1764,1765,1766,1767,1768,1769,1770,1771,1772,1773,1774,1775,1776,1777,1778,1779,1780,1781,1782,1783,1784,1785,1786,1787,1788,1789,1790,1791,1792,1793,1800
22816,3
22817,2
22818,3
22819,1
22820,3
22821,3
22824,3
22825,1
22826,1
22827,2
22828,3
22829,3
22832,3
22833,3
22834,3
22835,3,1802
22838,2
22841,5,1740
22844,3
22845,1387
22848,1390
22851,1
22852,1695
22853,3
22854,1393
22855,1396
22856,1713,1714,1715
22857,1399
22858,2
22859,2
22860,3
22861,1402
22862,1382,1793
22864,5,1749
22865,3
22866,5,1729,1730,1731,1732,1733,1734,1735,1736,1737,1738,1739,1740,1741,1742,1743,1744,1745,1746,1747,1748,1749,1750,1751,1752,1753,1754,1755,1756,1757,1758,1759,1760,1761,1762,1763,1764,1765,1766,1767,1768,1769,1770,1771,1772,1773,1774,1775,1776,1777,1778,1779,1780,1781,1782,1783,1784,1785,1786,1787,1788,1789,1790,1791,1792,1793,1800
22869,1379,1793
22871,5,1749
22872,1370,1793
22874,1
22875,5,1749
22876,3
22877,3
22878,1707
22881,1
22882,1695
22883,3
22884,1372
22885,1375
22886,1358,1793
22888,3
22891,3
22894,3
22895,3
22898,3
22901,3
22904,3
22905,1
22908,3
22909,1707
22910,2
22911,1360
22914,1363
22917,1366
22918,1355,1793
22920,2
22923,2
22926,1698
22929,2
22932,3
22934,1340,1793
22936,2
22939,2
22942,1705,1706,1707,1708
22945,1342
22948,1345
22951,1331,1793
22953,1705,1706,1707,1708
22954,1333
22957,1336
22960,1328,1793
22962,2
22965,1325,1793
22967,1295,1793
22969,5,1754
22972,1297
22975,1300
22978,5,1752
22981,1303
22984,1306
22987,5,1752
22990,1309
22993,1312
22996,1705,1706,1707,1708
22999,1315
23002,1705,1706,1707,1708
23003,1318
23004,1321
23005,3
23006,1292,1793
23008,3
23009,3
23012,3
23015,3
23016,3
23017,3
23020,3
23023,3
23026,1698,1699
23029,3
23032,3
23035,3
23036,3
23037,3
23038,3
23039,3
23040,3
23041,3
23042,3
23043,1289,1793
23045,3
23046,1705,1706,1707,1708
23049,1705,1706,1707,1708
23050,1286,1793
23052,3
23055,3
23056,3
23059,3
23060,1
23066,1283,1793
23068,3
23069,3
23070,3
23071,1280,1762
23073,1277,1762
23075,2
23076,2
23077,2
23078,2
23079,3
23080,1262
23082,2,3
23083,3
23084,2
23085,2
23086,2,3
23092,1264
23095,1267
23098,1270
23101,1273
23104,1259,1793
23106,3
23107,3
23108,1250,1793
23110,3
23111,3
23112,1
23115,3
23116,3
23119,5,1749
23120,3
23121,3
23122,5,1718,1724
23123,5,1704
23124,1
23125,1695
23126,3
23127,1252
23128,1255
23129,1247,1793
23131,3
23132,3
23133,3
23134,3
23135,1244,1793
23137,3
23138,3
23141,3
23142,1698
23145,1
23148,3
23149,3
23150,5,1718,1724
23151,5,1704
23152,1241,1793
23154,3
23155,3
23156,3
23159,3
23160,1
23163,2
23164,2
23165,2
23168,2
23171,1
23174,1238,1793
23176,3
23179,3
23182,1235,1793
23184,1232,1793
23186,1229,1793
23188,3
23189,1
23192,3,5,1802
23193,1226,1793
23195,3
23196,3
23197,3
23198,3
23199,3
23200,1698,1699
23201,3
23202,3
23203,3
23204,3
23205,3
23206,3
23207,3
23208,3
23209,3
23210,3
23211,3
23212,1223,1793
23214,1220,1793
23216,1217,1793
23218,2
23219,1214,1793
23221,1211,1793
23223,1
23226,2
23229,3
23230,1208,1793
23232,3
23233,1205,1793
23235,1202,1793
23237,1199,1793
23239,1196,1793
23241,1193,1793
23243,5,1803
23244,5,1803
23245,5,1803
23246,5,1803
23247,5,1803
23248,5,1803
23249,5,1803
23250,5,1803
23251,5,1803
23252,5,1803
23253,5,1803
23254,5,1803
23255,5,1803
23256,5,1803
23257,5,1803
23260,5,1803
23261,5,1803
23262,5,1803
23263,5,1803
23266,5,1803
23267,1190,1793
23269,3
23270,1
23273,1
23276,3
23277,3
23280,3
23281,1187,1793
23283,1
23284,3
23285,3
23286,1
23289,1184,1793
23291,3
23292,3
23295,3
23296,1181,1793
23298,1
23299,3
23300,3
23301,1698,1699
23302,3
23303,3
23304,3
23305,1698
23308,1178,1793
23310,3
23311,3
23312,1175,1793
23314,3
23315,1172,1793
23317,1169,1793
23319,1166,1793
23321,1151,1794
23323,3
23324,3
23325,3
23326,3
23327,3
23328,3
23329,1
23330,5,1718,1724
23331,5,1704
23332,3
23333,3
23334,2,3
23335,2,3,1705,1706,1707,1708
23336,5,1803
23337,5,1803
23338,5,1803
23339,5,1803
23340,5,1803
23341,5,1803
23342,5,1803
23343,5,1803
23344,5,1803
23345,5,1803
23346,5,1803
23347,5,1803
23348,5,1803
23349,5,1803
23350,5,1803
23351,5,1803
23352,5,1803
23353,5,1803
23354,3
23355,3
23356,3
23357,1
23358,1
23359,3
23360,1
23361,2,3
23362,2,3
23363,2,3
23364,2
23365,2
23366,2
23367,1713,1714,1715
23368,2
23369,3,1698
23370,5,1749
23371,3
23372,1
23373,1695
23374,3
23375,1252,1366,1372,1393,1408,1429,1447,1462,1471
23376,1255,1375,1396,1411,1432,1450,1465,1474
23377,1
23378,3
23379,3
23380,3
23381,2
23382,3
23383,1
23384,1
23385,3
23386,2
23387,1399,1453
23388,2
23389,2
23390,3
23391,1402,1456
23392,1
23393,1
23394,3
23395,2
23396,1705,1706,1707,1708
23397,1
23398,2
23399,2
23400,1417
23401,1420,1423
23402,1426
23403,1705,1706,1707,1708
23404,2
23405,3
23406,3
23407,3
23408,1
23409,3
23410,3
23411,3
23412,3
23413,1
23414,5
23415,2,3
23416,1
23417,5,1729,1730,1731,1732,1733,1734,1735,1736,1737,1738,1739,1740,1741,1742,1743,1744,1745,1746,1747,1748,1749,1750,1751,1752,1753,1754,1755,1756,1757,1758,1759,1760,1761,1762,1763,1764,1765,1766,1767,1768,1769,1770,1771,1772,1773,1774,1775,1776,1777,1778,1779,1780,1781,1782,1783,1784,1785,1786,1787,1788,1789,1790,1791,1792,1793,1800
23418,3
23419,3
23420,3,5,1802
23421,2
23422,5,1740
23423,2,3
23424,1387
23425,1390
23426,5,1729,1730,1731,1732,1733,1734,1735,1736,1737,1738,1739,1740,1741,1742,1743,1744,1745,1746,1747,1748,1749,1750,1751,1752,1753,1754,1755,1756,1757,1758,1759,1760,1761,1762,1763,1764,1765,1766,1767,1768,1769,1770,1771,1772,1773,1774,1775,1776,1777,1778,1779,1780,1781,1782,1783,1784,1785,1786,1787,1788,1789,1790,1791,1792,1793,1800
23427,1707
23428,3
23429,3
23430,3
23431,3
23432,3
23433,1
23434,3
23435,1360
23436,1363
23438,2
23439,2
23440,1698
23441,2
23442,2
23443,2
23444,1705,1706,1707,1708
23445,1342
23446,1345
23447,1318,1333
23448,1321,1336
23449,2
23450,5,1754
23451,1297
23452,1300
23453,5,1752
23454,1303
23455,1306
23456,5,1752
23457,1309
23458,1312
23459,1705,1706,1707,1708
23460,1315
23461,3
23462,3
23463,3
23464,3
23465,3
23466,3
23467,3
23468,1698,1699
23469,3
23470,3
23471,3
23472,3
23473,3
23474,3
23475,3
23476,3
23477,3
23478,1705,1706,1707,1708
23479,1705,1706,1707,1708
23480,3
23481,3
23482,1
23484,3
23485,1
23486,3
23487,3
23488,1698
23489,1
23490,3
23491,1
23492,2
23493,2
23494,1
23495,3
23496,3
23497,1
23498,1
23499,2
23500,5,1803
23501,5,1803
23502,1
23503,1
23504,3
23505,1
23506,3
23507,3
23508,1698
23525,5,1803
23526,5,1803
23527,5,1803
23529,5,1803
23537,5,1803
23695,3
23696,3
23699,1153
23702,2
23705,3
23708,3
23711,3
23712,3
23715,3
23716,3
23719,1698,1699
23722,1697
23725,1
23728,3
23731,3
23734,1698
23737,1698
23740,1705
23743,7
23746,1
23749,1156
23752,2
23755,1159
23756,1162
23759,3
23762,3
23765,1
23768,1698
23771,3
23774,1
23777,5,1732
23780,1
23783,3,5
23786,3,5
23789,3,5
23792,1,5
23795,1,5
23798,1,5
23801,1696
23804,5,1803
23805,5,1803
23806,5,1803
23807,5,1803
23808,5,1803
23809,5,1803
23810,5,1803
23811,5,1803
23812,5,1803
23813,5,1803
23814,5,1803
23815,5,1803
23816,5,1803
23817,5,1803
23818,5,1803
23819,5,1803
23820,5,1803
23821,5,1803
23822,5,1803
23823,5,1803
23824,5,1803
23825,5,1803
23826,5,1803
23827,5,1803
23828,5,1803
23829,5,1803
23830,5,1803
23831,5,1803
23832,5,1803
23833,5,1803
23834,5,1803
23835,5,1803
23836,5,1803
23837,5,1803
23838,5,1803
23839,5,1803
23840,5,1803
23841,5,1803
23842,5,1803
23843,5,1803
23844,5,1803
23845,5,1803
23846,5,1803
23847,5,1803
23848,5,1803
23849,5,1803
23850,5,1803
23851,5,1803
23852,5,1803
23853,938,1726
23856,3
23871,5,1803
23872,5,1803
23873,5,1803
23875,5,1803
23883,5,1803
23931,2
23966,3
24011,1705,1706,1707,1708
24016,3
24041,3
24042,3
24043,1153
24044,2
24045,3
24046,3
24047,3
24048,3
24049,3
24050,3
24051,1698,1699
24052,1697
24053,1
24054,3
24055,3
24056,1698
24057,1698
24058,1705
24059,7
24060,1
24061,1156
24062,2
24063,1159
24064,1162
24065,3
24066,3
24067,1
24068,1698
24069,3
24070,1
24071,5,1732
24072,1
24073,3,5
24074,3,5
24075,3,5
24076,1,5
24077,1,5
24078,1,5
24079,1696
24080,5,1803
24081,5,1803
24082,5,1803
24083,5,1803
24084,5,1803
24085,5,1803
24086,5,1803
24087,5,1803
24088,5,1803
24089,5,1803
24090,5,1803
24091,5,1803
24092,5,1803
24093,5,1803
24094,5,1803
24095,5,1803
24096,5,1803
24097,5,1803
24098,5,1803
24099,5,1803
24100,5,1803
24101,5,1803
24102,5,1803
24103,5,1803
24104,5,1803
24105,5,1803
24106,5,1803
24107,5,1803
24108,5,1803
24109,5,1803
24110,5,1803
24111,5,1803
24112,5,1803
24113,5,1803
24114,5,1803
24115,5,1803
24116,5,1803
24117,5,1803
24118,5,1803
24119,5,1803
24120,5,1803
24121,5,1803
24122,5,1803
24123,5,1803
24124,5,1803
24125,5,1803
24126,5,1803
24127,5,1803
24128,5,1803
25247,3,5
25248,3,5
25252,3,5
25253,3,5
25257,3
25258,3
25262,3
25265,3
25269,940
25272,940
25276,941
25279,941
25283,944
25286,944
25290,947
25293,947
25297,950
25300,950
25304,953
25307,953
25311,956
25314,956
25318,959
25321,959
25325,962
25328,962
25332,965
25333,968
25334,971
25335,1705,1706,1707,1708
25338,1705,1706,1707,1708
25342,5,1729,1730,1731,1732,1733,1734,1735,1736,1737,1738,1739,1740,1741,1742,1743,1744,1745,1746,1747,1748,1749,1750,1751,1752,1753,1754,1755,1756,1757,1758,1759,1760,1761,1762,1763,1764,1765,1766,1767,1768,1769,1770,1771,1772,1773,1774,1775,1776,1777,1778,1779,1780,1781,1782,1783,1784,1785,1786,1787,1788,1789,1790,1791,1792,1793,1794
25345,5,1729,1730,1731,1732,1733,1734,1735,1736,1737,1738,1739,1740,1741,1742,1743,1744,1745,1746,1747,1748,1749,1750,1751,1752,1753,1754,1755,1756,1757,1758,1759,1760,1761,1762,1763,1764,1765,1766,1767,1768,1769,1770,1771,1772,1773,1774,1775,1776,1777,1778,1779,1780,1781,1782,1783,1784,1785,1786,1787,1788,1789,1790,1791,1792,1793,1794
25349,5,1729,1730,1731,1732,1733,1734,1735,1736,1737,1738,1739,1740,1741,1742,1743,1744,1745,1746,1747,1748,1749,1750,1751,1752,1753,1754,1755,1756,1757,1758,1759,1760,1761,1762,1763,1764,1765,1766,1767,1768,1769,1770,1771,1772,1773,1774,1775,1776,1777,1778,1779,1780,1781,1782,1783,1784,1785,1786,1787,1788,1789,1790,1791,1792,1793,1794
25352,5,1729,1730,1731,1732,1733,1734,1735,1736,1737,1738,1739,1740,1741,1742,1743,1744,1745,1746,1747,1748,1749,1750,1751,1752,1753,1754,1755,1756,1757,1758,1759,1760,1761,1762,1763,1764,1765,1766,1767,1768,1769,1770,1771,1772,1773,1774,1775,1776,1777,1778,1779,1780,1781,1782,1783,1784,1785,1786,1787,1788,1789,1790,1791,1792,1793,1794
25356,5,1729,1730,1731,1732,1733,1734,1735,1736,1737,1738,1739,1740,1741,1742,1743,1744,1745,1746,1747,1748,1749,1750,1751,1752,1753,1754,1755,1756,1757,1758,1759,1760,1761,1762,1763,1764,1765,1766,1767,1768,1769,1770,1771,1772,1773,1774,1775,1776,1777,1778,1779,1780,1781,1782,1783,1784,1785,1786,1787,1788,1789,1790,1791,1792,1793,1794
25359,5,1729,1730,1731,1732,1733,1734,1735,1736,1737,1738,1739,1740,1741,1742,1743,1744,1745,1746,1747,1748,1749,1750,1751,1752,1753,1754,1755,1756,1757,1758,1759,1760,1761,1762,1763,1764,1765,1766,1767,1768,1769,1770,1771,1772,1773,1774,1775,1776,1777,1778,1779,1780,1781,1782,1783,1784,1785,1786,1787,1788,1789,1790,1791,1792,1793,1794
25363,5,1729,1730,1731,1732,1733,1734,1735,1736,1737,1738,1739,1740,1741,1742,1743,1744,1745,1746,1747,1748,1749,1750,1751,1752,1753,1754,1755,1756,1757,1758,1759,1760,1761,1762,1763,1764,1765,1766,1767,1768,1769,1770,1771,1772,1773,1774,1775,1776,1777,1778,1779,1780,1781,1782,1783,1784,1785,1786,1787,1788,1789,1790,1791,1792,1793,1794
25366,5,1729,1730,1731,1732,1733,1734,1735,1736,1737,1738,1739,1740,1741,1742,1743,1744,1745,1746,1747,1748,1749,1750,1751,1752,1753,1754,1755,1756,1757,1758,1759,1760,1761,1762,1763,1764,1765,1766,1767,1768,1769,1770,1771,1772,1773,1774,1775,1776,1777,1778,1779,1780,1781,1782,1783,1784,1785,1786,1787,1788,1789,1790,1791,1792,1793,1794
25370,2
25373,2
25377,974
25380,974
25384,977
25387,977
25391,980
25394,980
25398,2
25401,2
25405,2
25408,2
25412,2
25415,2
25419,2
25422,2
25426,2
25429,2
25433,2
25436,2
25440,2
25443,2
25447,2
25450,2
25454,722
25456,724
25459,727
25462,730,736
25465,733,739
25468,742
25471,745
25472,748
25475,751
25478,754
25481,757
25484,760
25487,763
25490,766
25493,5,1795
25496,3
25497,3,5
25500,3
25501,5,1729,1730,1731,1732,1733,1734,1735,1736,1737,1738,1739,1740,1741,1742,1743,1744,1745,1746,1747,1748,1749,1750,1751,1752,1753,1754,1755,1756,1757,1758,1759,1760,1761,1762,1763,1764,1765,1766,1767,1768,1769,1770,1771,1772,1773,1774,1775,1776,1777,1778,1779,1780,1781,1782,1783,1784,1785,1786,1787,1788,1789,1790,1791,1792,1793,1794
25502,3,5
25503,3,5
25506,709
25508,2
25509,2
25511,703
25513,2
25514,2
25517,2
25520,2
25523,2
25526,2
25529,2
25532,2
25535,2
25538,2
25541,2
25544,2
25547,2
25548,700
25550,694
25552,696
25555,770,1793
25557,2
25558,2
25559,772
25562,772
25570,534
25572,1800
25575,536
25578,539
25581,542
25584,545
25587,548
25590,551
25593,554
25596,2
25599,3
25602,3,1798,1799
25605,3,1798,1799
25608,557
25611,560
25614,563
25617,2
25620,2
25623,2
25626,3
25629,566
25632,569
25635,572
25638,575
25641,578,581
25644,584,587
25647,590,593
25650,596,599
25653,602,605
25656,608,611
25657,614,617
25660,620
25663,623
25666,626
25669,629,632,635
25672,638
25675,641
25678,644,647
25681,650
25684,653,656
25687,2
25688,3
25689,3
25690,2
25691,659
25692,662
25693,2
25694,3
25695,3
25696,3
25697,666
25698,669
25699,672
25700,675
25701,678
25702,681
25703,684
25704,687
25705,690
25716,526
25718,530
25719,526
25722,530
25725,2
25727,2
25728,2
25729,2
25730,2
25731,2
25732,2
25733,2
25734,321
25735,324
25736,327
25737,330
25738,333
25739,336
25740,339
25741,342
25742,345
25743,348
25744,351
25745,354
25746,357
25747,360
25748,363
25749,366
25750,369
25751,372
25752,2
25755,2
25758,2
25761,2
25764,2
25767,2
25770,2
25773,2
25776,321
25779,324
25782,327
25785,330
25788,333
25791,336
25794,339
25797,342
25800,345
25803,348
25806,351
25807,354
25808,357
25811,360
25814,363
25817,366
25820,369
25823,372
25826,12,60
25827,12
25829,3
25830,3
25833,134,523
25834,375
25836,378
25840,381
25844,58
25845,12,57
25846,134,384
25847,387
25850,390
25853,137,393
25854,137
25856,396
25859,399
25862,140,402
25863,140
25865,405
25868,408
25871,411
25874,414
25877,417
25880,420
25883,423
25886,426
25889,429
25892,432
25895,435
25898,438
25901,441
25904,444
25907,447
25910,450
25913,453
25916,456
25919,459
25922,462
25925,465
25928,468
25931,471
25934,474
25937,477
25940,480
25943,483
25946,486
25949,489
25952,492
25955,495
25958,498
25961,501
25964,504
25967,507
25970,510
25973,2
25977,2
25981,2
25985,2
25989,2
25993,12,54
25994,134,303
25995,137,306
25996,140,309
25997,312
26000,315
26003,318
26006,12,51
26007,134,297
26008,140,300
26009,1279
26013,1279
26014,1279
26020,239
26024,9,12
26025,134,242
26026,140,245
26027,248
26030,251
26033,254
26036,257
26039,260
26042,263
26045,266
26046,269
26047,272
26050,275
26053,279
26056,282
26059,285
26062,288
26065,291
26068,294
26071,166
26075,8,12
26076,134,169
26077,137,172
26078,175
26079,179
26082,182
26085,185
26088,188
26091,192
26094,195
26095,199
26098,203
26101,207
26104,210
26105,213
26106,216
26109,219
26112,222
26115,225
26118,229
26121,233
26124,236
26127,11,12
26128,513
26131,517
26134,134,520
26135,85
26139,89
26143,93
26147,97
26151,101
26155,105
26159,109
26163,113
26167,117
26171,121
26175,124
26179,127
26183,130
26187,6
26189,2
26191,1803
26192,15
26194,144
26196,147
26198,150
26200,10,12
26201,134,153
26202,156
26205,159
26208,162
